-- MySQL dump 10.13  Distrib 8.0.18, for Win64 (x86_64)
--
-- Host: localhost    Database: realestate
-- ------------------------------------------------------
-- Server version	8.0.18

/*!40101 SET @OLD_CHARACTER_SET_CLIENT=@@CHARACTER_SET_CLIENT */;
/*!40101 SET @OLD_CHARACTER_SET_RESULTS=@@CHARACTER_SET_RESULTS */;
/*!40101 SET @OLD_COLLATION_CONNECTION=@@COLLATION_CONNECTION */;
/*!50503 SET NAMES utf8 */;
/*!40103 SET @OLD_TIME_ZONE=@@TIME_ZONE */;
/*!40103 SET TIME_ZONE='+00:00' */;
/*!40014 SET @OLD_UNIQUE_CHECKS=@@UNIQUE_CHECKS, UNIQUE_CHECKS=0 */;
/*!40014 SET @OLD_FOREIGN_KEY_CHECKS=@@FOREIGN_KEY_CHECKS, FOREIGN_KEY_CHECKS=0 */;
/*!40101 SET @OLD_SQL_MODE=@@SQL_MODE, SQL_MODE='NO_AUTO_VALUE_ON_ZERO' */;
/*!40111 SET @OLD_SQL_NOTES=@@SQL_NOTES, SQL_NOTES=0 */;

--
-- Table structure for table `address`
--

DROP TABLE IF EXISTS `address`;
/*!40101 SET @saved_cs_client     = @@character_set_client */;
/*!50503 SET character_set_client = utf8mb4 */;
CREATE TABLE `address` (
  `id` bigint(20) NOT NULL,
  `detail` varchar(255) NOT NULL,
  `district` bigint(20) NOT NULL,
  `province` bigint(20) NOT NULL,
  `ward` bigint(20) NOT NULL,
  PRIMARY KEY (`id`),
  KEY `FKc62cqat2nk6t5uclbx98shdai` (`ward`)
) ENGINE=MyISAM DEFAULT CHARSET=utf8mb4 COLLATE=utf8mb4_0900_ai_ci;
/*!40101 SET character_set_client = @saved_cs_client */;

--
-- Dumping data for table `address`
--

LOCK TABLES `address` WRITE;
/*!40000 ALTER TABLE `address` DISABLE KEYS */;
INSERT INTO `address` VALUES (1,'Số nhà 53',760,79,26749),(2,'Số nhà 201',760,79,26746),(3,'Số nhà 94',762,79,26827),(4,'Số nhà 94',762,79,27301),(5,'Số nhà 94',774,79,27313),(6,'Số nhà 201',774,79,27328),(28,'34 Tân Hưng',774,79,27313),(7,'X.Bà Điểm, H.Hóc Môn',784,79,27592),(8,'P.14, Q.8',776,79,27421),(9,'P.Thạnh Xuân, Q.12',761,79,26764),(10,'P.Bình Trị Đông, Q.Bình Tân',777,79,27445),(11,'P.16, Q.Gò Vấp',764,79,26878),(12,'P.Phú Trung, Q.Tân Phú',767,79,27031),(13,'P.Bình Hưng Hòa A, Q.Bình Tân',777,79,27436),(14,'P.12, Q.3',770,79,27130),(15,'P.Tam Bình, Q.Thủ Đức',762,79,26803),(16,'P.Tân Tạo A, Q.Bình Tân',777,79,27457),(17,'X.Tân Xuân, H.Hóc Môn',784,79,27580),(18,'P.Phước Long A, Q.9',763,79,26851),(19,'P.Phú Thọ Hòa, Q.Tân Phú',767,79,27025),(20,'P.14, Q.8',776,79,27421),(357,'209 Trường Thọ',762,79,26827),(363,'',762,79,26794);
/*!40000 ALTER TABLE `address` ENABLE KEYS */;
UNLOCK TABLES;

--
-- Table structure for table `blueprint`
--

DROP TABLE IF EXISTS `blueprint`;
/*!40101 SET @saved_cs_client     = @@character_set_client */;
/*!50503 SET character_set_client = utf8mb4 */;
CREATE TABLE `blueprint` (
  `id` bigint(20) NOT NULL,
  `description` varchar(255) DEFAULT NULL,
  `imageLink` varchar(255) DEFAULT NULL,
  `tradeId` bigint(20) DEFAULT NULL,
  PRIMARY KEY (`id`),
  KEY `FKt5mo4achhvj4teh2mpqktwkqh` (`tradeId`)
) ENGINE=MyISAM DEFAULT CHARSET=utf8mb4 COLLATE=utf8mb4_0900_ai_ci;
/*!40101 SET character_set_client = @saved_cs_client */;

--
-- Dumping data for table `blueprint`
--

LOCK TABLES `blueprint` WRITE;
/*!40000 ALTER TABLE `blueprint` DISABLE KEYS */;
/*!40000 ALTER TABLE `blueprint` ENABLE KEYS */;
UNLOCK TABLES;

--
-- Table structure for table `booking`
--

DROP TABLE IF EXISTS `booking`;
/*!40101 SET @saved_cs_client     = @@character_set_client */;
/*!50503 SET character_set_client = utf8mb4 */;
CREATE TABLE `booking` (
  `id` bigint(20) NOT NULL,
  `email` varchar(255) DEFAULT NULL,
  `name` varchar(255) DEFAULT NULL,
  `phone` varchar(255) DEFAULT NULL,
  `timeEnd` datetime DEFAULT NULL,
  `timeStart` datetime DEFAULT NULL,
  `tradeId` bigint(20) DEFAULT NULL,
  `bookingId` bigint(20) DEFAULT NULL,
  PRIMARY KEY (`id`),
  KEY `FKdsmxp5msd4emhv6567419wlee` (`tradeId`),
  KEY `FKqdqpgy0273mgf1g0wqse4ekw7` (`bookingId`)
) ENGINE=MyISAM DEFAULT CHARSET=utf8mb4 COLLATE=utf8mb4_0900_ai_ci;
/*!40101 SET character_set_client = @saved_cs_client */;

--
-- Dumping data for table `booking`
--

LOCK TABLES `booking` WRITE;
/*!40000 ALTER TABLE `booking` DISABLE KEYS */;
/*!40000 ALTER TABLE `booking` ENABLE KEYS */;
UNLOCK TABLES;

--
-- Table structure for table `category`
--

DROP TABLE IF EXISTS `category`;
/*!40101 SET @saved_cs_client     = @@character_set_client */;
/*!50503 SET character_set_client = utf8mb4 */;
CREATE TABLE `category` (
  `id` bigint(20) NOT NULL,
  `name` varchar(255) DEFAULT NULL,
  PRIMARY KEY (`id`)
) ENGINE=MyISAM DEFAULT CHARSET=utf8mb4 COLLATE=utf8mb4_0900_ai_ci;
/*!40101 SET character_set_client = @saved_cs_client */;

--
-- Dumping data for table `category`
--

LOCK TABLES `category` WRITE;
/*!40000 ALTER TABLE `category` DISABLE KEYS */;
INSERT INTO `category` VALUES (1,'360 Bất động sản'),(2,'Tin thị trường'),(3,'Truyền thông'),(4,'Phong thuỷ'),(5,'Kiến trúc'),(6,'Kinh nghiệm');
/*!40000 ALTER TABLE `category` ENABLE KEYS */;
UNLOCK TABLES;

--
-- Table structure for table `confirmationtoken`
--

DROP TABLE IF EXISTS `confirmationtoken`;
/*!40101 SET @saved_cs_client     = @@character_set_client */;
/*!50503 SET character_set_client = utf8mb4 */;
CREATE TABLE `confirmationtoken` (
  `tokenid` bigint(20) NOT NULL,
  `confirmationToken` varchar(255) DEFAULT NULL,
  `createdDate` datetime DEFAULT NULL,
  `userId` bigint(20) NOT NULL,
  PRIMARY KEY (`tokenid`),
  KEY `FKp74ll2607keu3i6lwsnst5iwy` (`userId`)
) ENGINE=MyISAM DEFAULT CHARSET=utf8mb4 COLLATE=utf8mb4_0900_ai_ci;
/*!40101 SET character_set_client = @saved_cs_client */;

--
-- Dumping data for table `confirmationtoken`
--

LOCK TABLES `confirmationtoken` WRITE;
/*!40000 ALTER TABLE `confirmationtoken` DISABLE KEYS */;
INSERT INTO `confirmationtoken` VALUES (10,'81ffaceb-cfaf-4f9d-9fd2-012f619210e6','2019-10-04 08:21:13',9),(11,'dd861e6a-2d88-49ea-9b68-3ff3ac4ba9a6','2019-10-04 08:38:17',9),(13,'57fc2fbb-991f-49fa-9c62-bec02df2c19a','2019-10-04 17:06:23',12),(36,'217cbae0-3fe6-465c-afe5-2b1419912e21','2019-12-03 10:51:21',34),(39,'b0c50660-3b34-466d-9fb9-0b8684799180','2019-12-03 15:34:48',37),(42,'4223205b-5b95-4ad0-9bec-86775f75983b','2019-12-03 16:11:45',40),(45,'48cc8e51-89f4-41a6-9c17-ec9fee750c2a','2019-12-03 16:57:26',43),(46,'d13f927d-1c26-48f1-8980-ee1ea0e82179','2019-12-03 17:10:42',43),(49,'4374966e-f0ed-44fc-9cac-fb2e995fb8b4','2019-12-04 12:07:55',47),(87,'976b9a90-669f-4d4e-ba22-e30bbe095561','2019-12-07 16:33:58',86),(93,'02afdd0c-9ccf-4c66-8fc3-94a637239b8a','2019-12-07 16:55:27',91),(96,'6ec410a6-e032-424a-bc37-418fdf235a38','2019-12-07 16:56:08',94),(103,'d0933c4d-ae2f-4989-9555-612f79b24091','2019-12-07 23:14:11',102),(105,'d5b8e678-81b7-4a4a-9c9c-c76f37233ccb','2019-12-07 23:14:58',104),(109,'59396bd1-b704-4c69-888c-70c3a52a99cc','2019-12-07 23:16:39',107),(118,'fae25df2-671f-4cc2-8947-40338b2654ed','2019-12-08 11:55:58',117),(121,'56f6c28d-1c13-425f-b8cd-f4cdb70f610c','2019-12-08 11:56:44',120),(131,'8980d850-c75d-4534-9e53-ccb76bd58d71','2019-12-16 14:43:57',130),(133,'4f47a930-f377-4c9e-b0ff-1725ac094a52','2019-12-16 16:41:17',132),(139,'8c466118-13dc-48e0-88f4-e72dc2bab47a','2019-12-18 12:10:28',138),(141,'3339f607-a588-4a99-9ff9-7b0c5dfcb8e9','2019-12-18 12:43:27',140),(355,'a1a699da-86c2-467f-80c6-8692d5437ea6','2020-01-10 21:29:14',354),(375,'fa8168d0-34df-4dfe-a787-dc2b7ad8815b','2020-01-11 13:18:17',374);
/*!40000 ALTER TABLE `confirmationtoken` ENABLE KEYS */;
UNLOCK TABLES;

--
-- Table structure for table `coordinate`
--

DROP TABLE IF EXISTS `coordinate`;
/*!40101 SET @saved_cs_client     = @@character_set_client */;
/*!50503 SET character_set_client = utf8mb4 */;
CREATE TABLE `coordinate` (
  `id` bigint(20) NOT NULL,
  `latitude` float NOT NULL,
  `longitude` float NOT NULL,
  PRIMARY KEY (`id`)
) ENGINE=MyISAM DEFAULT CHARSET=utf8mb4 COLLATE=utf8mb4_0900_ai_ci;
/*!40101 SET character_set_client = @saved_cs_client */;

--
-- Dumping data for table `coordinate`
--

LOCK TABLES `coordinate` WRITE;
/*!40000 ALTER TABLE `coordinate` DISABLE KEYS */;
INSERT INTO `coordinate` VALUES (1,10.7683,106.687),(2,10.7684,106.699),(3,10.8403,106.757),(4,10.8577,106.734),(5,10.7614,106.681),(6,10.7538,106.662),(20,106.651,10.7409),(19,106.624,10.7859),(18,106.768,10.8214),(17,106.595,10.8673),(16,106.585,10.7503),(15,106.73,10.8679),(14,106.673,10.7878),(13,106.605,10.7847),(12,106.636,10.7711),(11,106.668,10.8427),(10,106.618,10.7619),(9,106.672,10.8628),(8,106.644,10.7377),(7,106.602,10.8504),(358,10.8462,106.756),(364,10.7568,106.676);
/*!40000 ALTER TABLE `coordinate` ENABLE KEYS */;
UNLOCK TABLES;

--
-- Table structure for table `details`
--

DROP TABLE IF EXISTS `details`;
/*!40101 SET @saved_cs_client     = @@character_set_client */;
/*!50503 SET character_set_client = utf8mb4 */;
CREATE TABLE `details` (
  `id` bigint(20) NOT NULL,
  `bathrooms` int(11) NOT NULL,
  `bedrooms` int(11) NOT NULL,
  `direction` varchar(255) DEFAULT NULL,
  `floors` varchar(255) DEFAULT NULL,
  `legalDocuments` varchar(255) DEFAULT NULL,
  `length` float NOT NULL,
  `others` varchar(255) DEFAULT NULL,
  `square` float NOT NULL,
  `utilities` varchar(255) DEFAULT NULL,
  `width` float NOT NULL,
  PRIMARY KEY (`id`)
) ENGINE=MyISAM DEFAULT CHARSET=utf8mb4 COLLATE=utf8mb4_0900_ai_ci;
/*!40101 SET character_set_client = @saved_cs_client */;

--
-- Dumping data for table `details`
--

LOCK TABLES `details` WRITE;
/*!40000 ALTER TABLE `details` DISABLE KEYS */;
INSERT INTO `details` VALUES (1,2,2,'Đông Bắc','1 trệt + 1 lầu','Sổ hồng riêng',20,'Nhà mặt tiền Quận 1, nhà đang cho thuê, sổ hồng chính chủ',110,'Gần chợ, siêu thị',4),(2,2,2,'Đông Bắc','1 trệt + 1 lầu','Sổ hồng riêng',9,'Nhà mặt tiền Quận 1, nhà đang cho thuê, sổ hồng chính chủ',90,'Gần chợ, siêu thị',5),(3,3,3,'Tây','1 trệt + 1 lầu','Sổ hồng riêng',8,'Bán nhà Quận Thủ Đức. Khu dân cư an ninh, yên tĩnh, không ngập nước, gần trường THPT Bách Việt',80,'Gần chợ, siêu thị, gần trường học, gần công viên, trung tâm',8),(4,2,1,'Tây','1 trệt + 1 lầu','Sổ hồng riêng',7,'',70,'',5),(5,1,2,'Tây','1 trệt + 1 lầu','Sổ hồng riêng',9,'Bán nhà riêng quận 5, đang cho thuê 6tr/tháng sổ hồng chính chủ',37,'Gần chợ, siêu thị, gần trường học',4),(6,1,2,'Đông','1 trệt + 1 lầu','Sổ hồng riêng',8,'Bán nhà riêng quận 5, Sổ hồng chính chủ - Pháp lý minh bạch, rõ ràng',96,'Gần chợ, siêu thị, gần trường học',6),(8,2,2,'Tây Nam','1 trệt, 1 lửng','Sổ hồng riêng',11,NULL,33,'Gần chợ, siêu thị;Gần trường học;Gần mặt tiền đường;Cần bán gấp;Di chuyển thuận tiện ra trung tâm;Thiết kế thông thoáng',3),(7,2,2,'Tây Nam','1 trệt, 1 lửng','Sổ hồng riêng',11,NULL,55,'Gần chợ, siêu thị;Gần trường học;Gần mặt tiền đường;Khu vực an ninh, yên tĩnh',5),(9,2,2,'Đông','1 trệt + 1 lầu','Sổ hồng riêng',10,NULL,50,'Gần mặt tiền đường;Di chuyển thuận tiện ra trung tâm;Khu vực an ninh, yên tĩnh;Sân để xe rộng rãi',5),(10,2,2,'Tây Bắc','1 trệt + 1 lầu','Sổ hồng riêng',6,NULL,35,'Gần chợ, siêu thị;Gần trường học;Gần mặt tiền đường;Di chuyển thuận tiện ra trung tâm;Thiết kế thông thoáng;Khu vực an ninh, yên tĩnh',3),(11,3,2,'Đông Nam','1 trệt','Sổ hồng riêng',10,NULL,50,'Gần trường học;Di chuyển thuận tiện ra trung tâm;Thiết kế thông thoáng;Khu vực an ninh, yên tĩnh',5),(12,2,2,'Nam','1 trệt + 1 lầu','Sổ hồng riêng',10,NULL,100,'Gần chợ, siêu thị;Gần trường học;Di chuyển thuận tiện ra trung tâm;Khu vực an ninh, yên tĩnh',5),(13,2,2,'Đông','1 trệt, 1 lửng','Sổ hồng riêng',9,NULL,36,'Gần chợ, siêu thị;Gần trường học;Gần mặt tiền đường;Thiết kế thông thoáng;Khu vực an ninh, yên tĩnh',4),(14,2,2,'Nam','1 trệt, 1 lửng + 1 lầu','Sổ hồng riêng',8,NULL,96,'Gần chợ, siêu thị;Gần trường học',6),(15,2,2,'Đông Nam','1 trệt, 1 lửng','Sổ hồng riêng',8,NULL,40,'Gần chợ, siêu thị;Gần công viên, trung tâm;Gần trường học;Gần mặt tiền đường;Di chuyển thuận tiện ra trung tâm;Khu vực an ninh, yên tĩnh;Sân để xe rộng rãi',5),(16,2,2,'Nam','1 trệt, 1 lửng','Sổ hồng riêng',9,NULL,36,'Gần chợ, siêu thị;Gần bệnh viện;Gần trường học;Hẻm thông;Gần mặt tiền đường;Thiết kế thông thoáng',4),(17,2,2,'Đông Nam','1 trệt, 1 lửng','Sổ hồng riêng',8,NULL,40,'Gần chợ, siêu thị;Gần trường học;Gần mặt tiền đường;Thiết kế thông thoáng;Khu vực an ninh, yên tĩnh',5),(18,2,2,'Tây Bắc','1 trệt','Sổ hồng riêng',10,NULL,50,'Gần chợ, siêu thị;Gần công viên, trung tâm;Gần trường học;Gần mặt tiền đường;Cần bán gấp;Di chuyển thuận tiện ra trung tâm;Thiết kế thông thoáng;Khu vực an ninh, yên tĩnh;Sân để xe rộng rãi',5),(19,2,2,'Đông Bắc','1 trệt + 1 lầu','Sổ hồng riêng',7,NULL,70,'Mặt tiền;Thuận lợi buôn bán',5),(20,2,2,'Nam','1 trệt','Sổ hồng riêng',6,NULL,30,'Gần chợ, siêu thị',5),(359,2,2,'Tây Bắc','1 trệt + 1 lầu','Có sổ hồng chính chủ',6,NULL,60,'Mặt tiền đường lớn',5),(365,1,2,'Đông','1 trệt + 1 lầu','Sổ hồng riêng',7,'',70,'Gần chợ, siêu thị, gần trường học',5);
/*!40000 ALTER TABLE `details` ENABLE KEYS */;
UNLOCK TABLES;

--
-- Table structure for table `district`
--

DROP TABLE IF EXISTS `district`;
/*!40101 SET @saved_cs_client     = @@character_set_client */;
/*!50503 SET character_set_client = utf8mb4 */;
CREATE TABLE `district` (
  `id` bigint(20) NOT NULL,
  `name` varchar(255) DEFAULT NULL,
  `nameWithType` varchar(255) DEFAULT NULL,
  `pathWithType` varchar(255) DEFAULT NULL,
  `slug` varchar(255) DEFAULT NULL,
  `provinceId` bigint(20) DEFAULT NULL,
  PRIMARY KEY (`id`),
  KEY `FKsljjgpiyi1a6uwjnlhauvc19p` (`provinceId`)
) ENGINE=MyISAM DEFAULT CHARSET=utf8mb4 COLLATE=utf8mb4_0900_ai_ci;
/*!40101 SET character_set_client = @saved_cs_client */;

--
-- Dumping data for table `district`
--

LOCK TABLES `district` WRITE;
/*!40000 ALTER TABLE `district` DISABLE KEYS */;
INSERT INTO `district` VALUES (770,'3','Quận 3','Quận 3, Thành phố Hồ Chí Minh','3',79),(760,'1','Quận 1','Quận 1, Thành phố Hồ Chí Minh','1',79),(771,'10','Quận 10','Quận 10, Thành phố Hồ Chí Minh','10',79),(761,'12','Quận 12','Quận 12, Thành phố Hồ Chí Minh','12',79),(772,'11','Quận 11','Quận 11, Thành phố Hồ Chí Minh','11',79),(783,'Củ Chi','Huyện Củ Chi','Huyện Củ Chi, Thành phố Hồ Chí Minh','cu-chi',79),(762,'Thủ Đức','Quận Thủ Đức','Quận Thủ Đức, Thành phố Hồ Chí Minh','thu-duc',79),(773,'4','Quận 4','Quận 4, Thành phố Hồ Chí Minh','4',79),(784,'Hóc Môn','Huyện Hóc Môn','Huyện Hóc Môn, Thành phố Hồ Chí Minh','hoc-mon',79),(763,'9','Quận 9','Quận 9, Thành phố Hồ Chí Minh','9',79),(774,'5','Quận 5','Quận 5, Thành phố Hồ Chí Minh','5',79),(785,'Bình Chánh','Huyện Bình Chánh','Huyện Bình Chánh, Thành phố Hồ Chí Minh','binh-chanh',79),(764,'Gò Vấp','Quận Gò Vấp','Quận Gò Vấp, Thành phố Hồ Chí Minh','go-vap',79),(775,'6','Quận 6','Quận 6, Thành phố Hồ Chí Minh','6',79),(786,'Nhà Bè','Huyện Nhà Bè','Huyện Nhà Bè, Thành phố Hồ Chí Minh','nha-be',79),(765,'Bình Thạnh','Quận Bình Thạnh','Quận Bình Thạnh, Thành phố Hồ Chí Minh','binh-thanh',79),(776,'8','Quận 8','Quận 8, Thành phố Hồ Chí Minh','8',79),(787,'Cần Giờ','Huyện Cần Giờ','Huyện Cần Giờ, Thành phố Hồ Chí Minh','can-gio',79),(766,'Tân Bình','Quận Tân Bình','Quận Tân Bình, Thành phố Hồ Chí Minh','tan-binh',79),(777,'Bình Tân','Quận Bình Tân','Quận Bình Tân, Thành phố Hồ Chí Minh','binh-tan',79),(767,'Tân Phú','Quận Tân Phú','Quận Tân Phú, Thành phố Hồ Chí Minh','tan-phu',79),(778,'7','Quận 7','Quận 7, Thành phố Hồ Chí Minh','7',79),(768,'Phú Nhuận','Quận Phú Nhuận','Quận Phú Nhuận, Thành phố Hồ Chí Minh','phu-nhuan',79),(769,'2','Quận 2','Quận 2, Thành phố Hồ Chí Minh','2',79);
/*!40000 ALTER TABLE `district` ENABLE KEYS */;
UNLOCK TABLES;

--
-- Table structure for table `favoritetrade`
--

DROP TABLE IF EXISTS `favoritetrade`;
/*!40101 SET @saved_cs_client     = @@character_set_client */;
/*!50503 SET character_set_client = utf8mb4 */;
CREATE TABLE `favoritetrade` (
  `tradeId` bigint(20) NOT NULL,
  `userId` bigint(20) NOT NULL,
  PRIMARY KEY (`tradeId`,`userId`),
  KEY `FKqaqy8luhmipcwr3bwqha3arhm` (`userId`)
) ENGINE=MyISAM DEFAULT CHARSET=utf8mb4 COLLATE=utf8mb4_0900_ai_ci;
/*!40101 SET character_set_client = @saved_cs_client */;

--
-- Dumping data for table `favoritetrade`
--

LOCK TABLES `favoritetrade` WRITE;
/*!40000 ALTER TABLE `favoritetrade` DISABLE KEYS */;
/*!40000 ALTER TABLE `favoritetrade` ENABLE KEYS */;
UNLOCK TABLES;

--
-- Table structure for table `hibernate_sequence`
--

DROP TABLE IF EXISTS `hibernate_sequence`;
/*!40101 SET @saved_cs_client     = @@character_set_client */;
/*!50503 SET character_set_client = utf8mb4 */;
CREATE TABLE `hibernate_sequence` (
  `next_val` bigint(20) DEFAULT NULL
) ENGINE=MyISAM DEFAULT CHARSET=utf8mb4 COLLATE=utf8mb4_0900_ai_ci;
/*!40101 SET character_set_client = @saved_cs_client */;

--
-- Dumping data for table `hibernate_sequence`
--

LOCK TABLES `hibernate_sequence` WRITE;
/*!40000 ALTER TABLE `hibernate_sequence` DISABLE KEYS */;
INSERT INTO `hibernate_sequence` VALUES (383),(383),(383),(383),(383),(383),(383),(383),(383),(383),(383),(383),(383),(383),(383),(383),(383),(383),(383),(383),(383),(383),(383),(383),(383),(383),(383),(383),(383),(383),(383),(383),(383);
/*!40000 ALTER TABLE `hibernate_sequence` ENABLE KEYS */;
UNLOCK TABLES;

--
-- Table structure for table `image`
--

DROP TABLE IF EXISTS `image`;
/*!40101 SET @saved_cs_client     = @@character_set_client */;
/*!50503 SET character_set_client = utf8mb4 */;
CREATE TABLE `image` (
  `id` bigint(20) NOT NULL,
  `description` varchar(255) DEFAULT NULL,
  `imageLink` varchar(255) DEFAULT NULL,
  PRIMARY KEY (`id`)
) ENGINE=MyISAM DEFAULT CHARSET=utf8mb4 COLLATE=utf8mb4_0900_ai_ci;
/*!40101 SET character_set_client = @saved_cs_client */;

--
-- Dumping data for table `image`
--

LOCK TABLES `image` WRITE;
/*!40000 ALTER TABLE `image` DISABLE KEYS */;
INSERT INTO `image` VALUES (1,'Mặt trước','http://res.cloudinary.com/fijetso3671/image/upload/v1559860911/RealEstate/kql6ziprexdjjvcqmn1m.webp'),(328,'Tổng thể','http://res.cloudinary.com/fijetso3671/image/upload/v1578653299/RealEstate/qo9vrjonuufzmc0h6kzg.webp'),(329,'Mô tả hình ảnh','http://res.cloudinary.com/fijetso3671/image/upload/v1578657167/RealEstate/zeujphsx2waaut0twkpq.webp'),(330,'Mô tả hình ảnh','http://res.cloudinary.com/fijetso3671/image/upload/v1578658122/RealEstate/tomkf9iyu7efiq2v7qli.webp'),(331,'Mô tả hình ảnh','http://res.cloudinary.com/fijetso3671/image/upload/v1578658408/RealEstate/szkuimdmilqwn3wc9fqr.webp'),(332,'Mô tả hình ảnh','http://res.cloudinary.com/fijetso3671/image/upload/v1578658544/RealEstate/jnq4bjbwomcvqlssl55j.webp'),(333,'Mô tả hình ảnh','http://res.cloudinary.com/fijetso3671/image/upload/v1578658601/RealEstate/hryuh6alap5cirlp80ch.webp'),(334,'Mô tả hình ảnh','http://res.cloudinary.com/fijetso3671/image/upload/v1578659008/RealEstate/ncdbjvg5xqjauryoqqos.webp'),(335,'Thông tin quy hoạch Huyện Hóc Môn','http://res.cloudinary.com/fijetso3671/image/upload/v1578659325/RealEstate/harcoejkylgmmpctww7r.webp'),(336,'Mô tả hình ảnh','http://res.cloudinary.com/fijetso3671/image/upload/v1578662797/RealEstate/bczsaecltjks1zcwvyst.webp'),(337,'Mô tả ảnh','http://res.cloudinary.com/fijetso3671/image/upload/v1578663622/RealEstate/rnjwixviepjjj09vdqj7.webp'),(338,'Mô tả ảnh','http://res.cloudinary.com/fijetso3671/image/upload/v1578663623/RealEstate/wbqrsydsa2v1kkkyzodu.webp'),(339,'Mô tả hình ảnh','http://res.cloudinary.com/fijetso3671/image/upload/v1578664150/RealEstate/tkp0klfqy9qhdhqe7gou.webp'),(340,'Mô tả hình ảnh','http://res.cloudinary.com/fijetso3671/image/upload/v1578664150/RealEstate/hrwvdcgmp2vemjq7dsqb.webp'),(341,'Mô tả hình ảnh','http://res.cloudinary.com/fijetso3671/image/upload/v1578664185/RealEstate/bqpinmurnje9l8ab4dk3.webp'),(342,'Tổng thể','http://res.cloudinary.com/fijetso3671/image/upload/v1578665002/RealEstate/eramafthp3a1uo6vw8tc.webp'),(343,'Tổng thể','http://res.cloudinary.com/fijetso3671/image/upload/v1578665441/RealEstate/ugn1hu0wgzdpjnhdg4az.webp'),(344,'Tổng thể','http://res.cloudinary.com/fijetso3671/image/upload/v1578665477/RealEstate/kkoaeuuvuzio66rqjbtk.webp'),(345,'Mô tả hình ảnh','http://res.cloudinary.com/fijetso3671/image/upload/v1578665579/RealEstate/dbavi3xcycohgzo4niwv.webp'),(346,'Mô tả hình ảnh','http://res.cloudinary.com/fijetso3671/image/upload/v1578665619/RealEstate/dcovlz1ld28somnmfuw8.webp'),(347,'Mô tả hình ảnh','http://res.cloudinary.com/fijetso3671/image/upload/v1578665619/RealEstate/rcksvwzfg1qxa6vkrfst.webp'),(348,'Mô tả hình ảnh','http://res.cloudinary.com/fijetso3671/image/upload/v1578665631/RealEstate/oig2wltbyl2bcygka0oc.webp'),(349,'Mô tả hình ảnh','http://res.cloudinary.com/fijetso3671/image/upload/v1578665654/RealEstate/hsc0xovo6gpg4hcnl8ip.webp'),(350,'Mô tả hình ảnh','http://res.cloudinary.com/fijetso3671/image/upload/v1578665695/RealEstate/psntushi26tp4wjpouz2.webp'),(351,'Mô tả hình ảnh','http://res.cloudinary.com/fijetso3671/image/upload/v1578665745/RealEstate/ckqczxpfsskemznuquwf.webp'),(352,'Mô tả hình ảnh','http://res.cloudinary.com/fijetso3671/image/upload/v1578665864/RealEstate/mnkqxqwpzk2fmn0fftn3.webp'),(353,'Mô tả hình ảnh','http://res.cloudinary.com/fijetso3671/image/upload/v1578666045/RealEstate/twvyhrfwjuhnaj2eqppi.webp'),(361,'Mô tả hình ảnh','http://res.cloudinary.com/fijetso3671/image/upload/v1578670105/RealEstate/ymxthsxwfvaodqkpveov.webp');
/*!40000 ALTER TABLE `image` ENABLE KEYS */;
UNLOCK TABLES;

--
-- Table structure for table `information`
--

DROP TABLE IF EXISTS `information`;
/*!40101 SET @saved_cs_client     = @@character_set_client */;
/*!50503 SET character_set_client = utf8mb4 */;
CREATE TABLE `information` (
  `id` int(11) NOT NULL,
  `contact` varchar(255) DEFAULT NULL,
  PRIMARY KEY (`id`)
) ENGINE=MyISAM DEFAULT CHARSET=utf8mb4 COLLATE=utf8mb4_0900_ai_ci;
/*!40101 SET character_set_client = @saved_cs_client */;

--
-- Dumping data for table `information`
--

LOCK TABLES `information` WRITE;
/*!40000 ALTER TABLE `information` DISABLE KEYS */;
/*!40000 ALTER TABLE `information` ENABLE KEYS */;
UNLOCK TABLES;

--
-- Table structure for table `job`
--

DROP TABLE IF EXISTS `job`;
/*!40101 SET @saved_cs_client     = @@character_set_client */;
/*!50503 SET character_set_client = utf8mb4 */;
CREATE TABLE `job` (
  `id` bigint(20) NOT NULL,
  `name` varchar(255) DEFAULT NULL,
  PRIMARY KEY (`id`)
) ENGINE=MyISAM DEFAULT CHARSET=utf8mb4 COLLATE=utf8mb4_0900_ai_ci;
/*!40101 SET character_set_client = @saved_cs_client */;

--
-- Dumping data for table `job`
--

LOCK TABLES `job` WRITE;
/*!40000 ALTER TABLE `job` DISABLE KEYS */;
INSERT INTO `job` VALUES (31,'Giáo viên'),(119,'Kinh doanh'),(1,'Công nhân'),(2,'Kỹ sư'),(3,'Tài xế'),(4,'Nội trợ'),(5,'Luật sư'),(6,'Công an'),(7,'Tiếp thị'),(8,'Nhân viên bán hàng'),(9,'Môi giới');
/*!40000 ALTER TABLE `job` ENABLE KEYS */;
UNLOCK TABLES;

--
-- Table structure for table `menu`
--

DROP TABLE IF EXISTS `menu`;
/*!40101 SET @saved_cs_client     = @@character_set_client */;
/*!50503 SET character_set_client = utf8mb4 */;
CREATE TABLE `menu` (
  `id` bigint(20) NOT NULL,
  `icon` varchar(255) DEFAULT NULL,
  `parentId` bigint(20) DEFAULT NULL,
  `title` varchar(255) DEFAULT NULL,
  PRIMARY KEY (`id`)
) ENGINE=MyISAM DEFAULT CHARSET=utf8mb4 COLLATE=utf8mb4_0900_ai_ci;
/*!40101 SET character_set_client = @saved_cs_client */;

--
-- Dumping data for table `menu`
--

LOCK TABLES `menu` WRITE;
/*!40000 ALTER TABLE `menu` DISABLE KEYS */;
/*!40000 ALTER TABLE `menu` ENABLE KEYS */;
UNLOCK TABLES;

--
-- Table structure for table `news`
--

DROP TABLE IF EXISTS `news`;
/*!40101 SET @saved_cs_client     = @@character_set_client */;
/*!50503 SET character_set_client = utf8mb4 */;
CREATE TABLE `news` (
  `id` bigint(20) NOT NULL,
  `composeDate` datetime DEFAULT NULL,
  `content` longtext,
  `title` varchar(255) DEFAULT NULL,
  `categoryId` bigint(20) DEFAULT NULL,
  `author` varchar(255) DEFAULT NULL,
  PRIMARY KEY (`id`),
  KEY `FK2yk322xd1afw7edtdvuk0smny` (`categoryId`)
) ENGINE=MyISAM DEFAULT CHARSET=utf8mb4 COLLATE=utf8mb4_0900_ai_ci;
/*!40101 SET character_set_client = @saved_cs_client */;

--
-- Dumping data for table `news`
--

LOCK TABLES `news` WRITE;
/*!40000 ALTER TABLE `news` DISABLE KEYS */;
INSERT INTO `news` VALUES (380,'2020-12-01 00:00:00','<html>\n<head>\n	<title></title>\n</head>\n<body>\n<p><strong>Đừng l&atilde;ng ph&iacute; kh&ocirc;ng gian dưới gầm cầu thang, khiến ch&uacute;ng trở th&agrave;nh g&oacute;c chết tẻ nhạt. Khi bạn thiết kế gầm cầu thang v&agrave; tận dụng ch&uacute;ng, bạn sẽ thấy khoảng kh&ocirc;ng gian n&agrave;y tuy nhỏ nhưng &ldquo;c&oacute; v&otilde;&rdquo; lắm đấy.</strong></p>\n\n<p>Dưới đ&acirc;y l&agrave; một số mẫu thiết kế gầm cầu thang, biến kh&ocirc;ng gian vốn nhỏ b&eacute; v&agrave; t&ugrave; t&uacute;ng n&agrave;y trở th&agrave;nh điểm nhấn sinh động v&agrave; mang nhiều c&ocirc;ng năng kh&aacute;c nhau. Bạn c&oacute; thể tham khảo để l&agrave;m đẹp th&ecirc;m ng&ocirc;i nh&agrave; của m&igrave;nh.</p>\n\n<p><img alt=\"thiết kế gầm cầu thang\" src=\"https://propzy.vn/tin-tuc/wp-content/uploads/2019/10/Tan-dung-gam-cau-thang-1.jpg\" style=\"height:600px; width:800px\" /></p>\n\n<p>Với tivi v&agrave; khung ảnh trang tr&iacute; điểm xuyết tiểu cảnh xanh m&aacute;t mắt, kh&ocirc;ng gian gầm cầu thang đ&atilde; trở n&ecirc;n thật sinh động.</p>\n\n<p><img alt=\"thiết kế gầm cầu thang\" src=\"https://propzy.vn/tin-tuc/wp-content/uploads/2019/10/Tan-dung-gam-cau-thang-2.jpg\" style=\"height:1200px; width:900px\" /></p>\n\n<p>Ở ng&ocirc;i nh&agrave; n&agrave;y, c&aacute;c&nbsp;<a href=\"https://propzy.vn/tin-tuc/kien-truc/\">kiến tr&uacute;c</a>&nbsp;sư đ&atilde; biến gầm cầu thang th&agrave;nh tủ rượu. Nếu gia đ&igrave;nh bạn theo phong c&aacute;ch &Acirc;u hoặc bạn c&oacute; đam m&ecirc; với rượu ngoại, đ&acirc;y ch&iacute;nh l&agrave; mẫu thiết kế d&agrave;nh cho bạn. Với thiết kế n&agrave;y, ng&ocirc;i nh&agrave; cũng trở n&ecirc;n sang trọng, hiện đại hơn.</p>\n\n<p><img alt=\"\" src=\"https://propzy.vn/tin-tuc/wp-content/uploads/2019/10/Tan-dung-gam-cau-thang-3.jpg\" style=\"height:424px; width:640px\" /></p>\n\n<p>Một c&aacute;ch thiết kế gầm cầu thang đơn giản: biến ch&uacute;ng th&agrave;nh kh&ocirc;ng gian ri&ecirc;ng l&yacute; tưởng d&agrave;nh cho th&uacute; cưng. Ng&ocirc;i nh&agrave; nhỏ xinh cho ch&uacute; c&uacute;n đ&aacute;ng y&ecirc;u ngay dưới gầm cầu thang, tại sao kh&ocirc;ng?</p>\n\n<p><img alt=\"thiết kế gầm cầu thang\" src=\"https://propzy.vn/tin-tuc/wp-content/uploads/2019/10/Tan-dung-gam-cau-thang-4.jpg\" style=\"height:1283px; width:1026px\" /></p>\n\n<p>Gầm cầu thang trở n&ecirc;n sang trọng hơn khi biến th&agrave;nh kh&ocirc;ng gian đọc s&aacute;ch v&agrave; đ&agrave;m đạo. Ngồi nh&acirc;m nhi ly c&agrave;-ph&ecirc;, đọc cuốn s&aacute;ch th&uacute; vị ở kh&ocirc;ng gian mở ấm c&uacute;ng m&agrave; kh&ocirc;ng phải đi đ&acirc;u xa, đ&acirc;y sẽ l&agrave; một trải nghiệm th&uacute; vị!</p>\n\n<p><img alt=\"\" src=\"https://propzy.vn/tin-tuc/wp-content/uploads/2019/10/Tan-dung-gam-cau-thang-5.jpg\" style=\"height:800px; width:1000px\" /></p>\n\n<p>Một &ldquo;khu vườn&rdquo; xanh m&aacute;t dưới gầm cầu thang cũng đủ khiến căn nh&agrave; tr&agrave;n đầy sức sống. C&aacute;ch thiết kế n&agrave;y sẽ gi&uacute;p bạn mang th&ecirc;m thi&ecirc;n nhi&ecirc;n v&agrave;o nh&agrave;.</p>\n\n<p><img alt=\"\" src=\"https://propzy.vn/tin-tuc/wp-content/uploads/2019/10/Tan-dung-gam-cau-thang-6.jpg\" style=\"height:1066px; width:1600px\" /></p>\n\n<p>Hoặc bạn c&oacute; thể biến gầm cầu thang trở th&agrave;nh thế giới mộng mơ, đầy kỷ niệm của lũ trẻ. Đặc biệt, mẫu thiết kế n&agrave;y rất dễ thực hiện.</p>\n\n<p><img alt=\"thiết kế gầm cầu thang\" src=\"https://propzy.vn/tin-tuc/wp-content/uploads/2019/10/Tan-dung-gam-cau-thang-7.jpg\" style=\"height:1102px; width:1225px\" /></p>\n\n<p>Tận dụng khoảng kh&ocirc;ng gian nhỏ v&agrave; biến n&oacute; th&agrave;nh nh&agrave; vệ sinh nhỏ xinh tiện lợi với c&aacute;c vật dụng cơ bản cũng l&agrave; một c&aacute;ch thiết kế th&ocirc;ng minh.</p>\n\n<p><img alt=\"\" src=\"https://propzy.vn/tin-tuc/wp-content/uploads/2019/10/Tan-dung-gam-cau-thang-8.jpg\" style=\"height:1662px; width:1108px\" /></p>\n\n<p>Nếu nh&agrave; bạn c&oacute; diện t&iacute;ch nhỏ v&agrave; bạn muốn tận dụng gầm cầu thang một c&aacute;ch tối đa để sắp xếp đồ đạc, bạn h&atilde;y học mẫu thiết kế n&agrave;y. Với những kệ nhỏ gọn v&agrave; linh hoạt, bạn c&oacute; thể xếp gi&agrave;y d&eacute;p, balo, &aacute;o kho&aacute;c, d&ugrave;&hellip; thậm ch&iacute; d&ugrave;ng ch&uacute;ng để cất bớt gối, chăn, m&agrave;n &iacute;t được sử dụng.</p>\n\n<p>Bạn thấy đấy, chỉ cần s&aacute;ng tạo một ch&uacute;t, bạn sẽ c&oacute; ngay mẫu thiết kế thật ấn tượng v&agrave; hữu dụng!</p>\n</body>\n</html>\n','Thiết kế gầm cầu thang: 8 mẫu thiết kế cực đẹp và rất dễ thực hiện',5,'Danh Thanh'),(368,'2020-11-01 00:00:00','<html>\r <head>\r 	<title></title>\r </head>\r <body>\r <h5>Thị trường bất động sản năm 2019 đang ph&aacute;t triển theo hướng ổn định, bền vững hơn. Đ&oacute; l&agrave; tiền đề để c&aacute;c doanh nghiệp kỳ vọng về một năm 2020 với nhiều diễn biến t&iacute;ch cực.</h5>\r \r <h5>Đi v&agrave;o ổn định - Hướng tới bền vững</h5>\r \r <p>Đ&acirc;y l&agrave; nhận định của đa số c&aacute;c doanh nghiệp bất động sản về triển vọng thị trường trong năm 2020. Sau một năm 2019 nhiều biến động đến từ sự sụt giảm nhất định về nguồn cung dự &aacute;n, sản phẩm nh&agrave; ở v&agrave; số lượng giao dịch th&igrave; to&agrave;n cảnh thị trường vẫn được đ&aacute;nh gi&aacute; đ&atilde; c&oacute; sự ph&aacute;t triển ổn định.</p>\r \r <p>Bước sang năm 2020, với những t&iacute;n hiệu t&iacute;ch cực từ sự tăng trưởng ổn định của nền kinh tế, h&agrave;nh lang ph&aacute;p l&yacute; li&ecirc;n quan dần được ho&agrave;n thiện cũng như xu hướng dịch chuyển d&ograve;ng vốn FDI v&agrave;o Việt Nam... c&aacute;c doanh nghiệp bất động sản nh&igrave;n chung đang sẵn s&agrave;ng cho một năm mới nhiều triển vọng.</p>\r \r <p>Theo nhận định của &ocirc;ng Nguyễn Th&aacute;i B&igrave;nh - Tổng Gi&aacute;m đốc C&ocirc;ng ty CP Đ&ocirc;ng T&acirc;y Land, thị trường bất động sản 2020 sẽ bước v&agrave;o giai đoạn t&iacute;ch lũy, dần đi v&agrave;o ổn định sau giai đoạn 5 năm ph&aacute;t triển tương đối nhanh. Thị trường được đ&aacute;nh gi&aacute; sẽ kh&ocirc;ng ph&aacute;t triển qu&aacute; n&oacute;ng m&agrave; đi v&agrave;o chiều s&acirc;u v&agrave; nguy cơ về một khủng hoảng l&agrave; kh&oacute; c&oacute; thể xảy ra.</p>\r \r <p><img alt=\"Chân dung một người đàn ông trẻ mặc vest đen đang cười, ngồi trên ghế\" src=\"https://file4.batdongsan.com.vn/2020/01/10/wxbwknn6/20200110095521-b396.jpg\" />&nbsp;</p>\r \r <p>Cũng theo &ocirc;ng B&igrave;nh, năm 2020, thị trường bất động sản cũng chờ đợi việc một số điểm vướng mắc nhất định về mặt ph&aacute;p l&yacute;, nguồn cung, t&iacute;n dụng sẽ được giải quyết triệt để nhằm tạo ra sự chuy&ecirc;n nghiệp cho thị trường. C&ugrave;ng với sự &ldquo;chuy&ecirc;n nghiệp h&oacute;a&rdquo; của thị trường, c&aacute;c kh&aacute;ch h&agrave;ng, nh&agrave; đầu tư cũng ng&agrave;y c&agrave;ng th&ocirc;ng th&aacute;i th&ocirc;ng qua việc họ sẽ rất cẩn trọng khi lựa chọn sản phẩm cũng như chủ đầu tư.&nbsp;</p>\r \r <p>&quot;Do đ&oacute;, trong năm 2020, doanh nghiệp đ&atilde; x&aacute;c định sẽ tinh lọc lại hoạt động, lựa chọn chủ đầu tư uy t&iacute;n v&agrave; ph&acirc;n kh&uacute;c sản phẩm ph&ugrave; hợp nhằm tối ưu tăng trưởng&quot; - &ocirc;ng B&igrave;nh nhấn mạnh.</p>\r \r <p>Đồng quan điểm, &ocirc;ng Nguyễn Đức C&acirc;y - Chủ tịch HĐQT C&ocirc;ng ty cổ phần Đầu tư Ph&aacute;t triển nh&agrave; Constrexim nhận định năm 2020 thị trường bất động sản sẽ dần đi v&agrave;o ổn định với sự thận trọng nhất định đến từ c&aacute;c chủ đầu tư v&agrave; kh&aacute;ch h&agrave;ng.</p>\r \r <p><img alt=\"Chân dung người đàn ông trung tuổi, đeo kính trắng, mặc vest xám.\" src=\"https://file4.batdongsan.com.vn/2020/01/10/wxbwknn6/20200110095605-f00c.jpg\" />&nbsp;</p>\r \r <p>Theo &ocirc;ng C&acirc;y, về nguồn cung, dự b&aacute;o sẽ c&oacute; phần suy giảm so với năm 2019 do nhiều yếu tố li&ecirc;n quan đến tiến độ r&agrave; so&aacute;t, ph&ecirc; duyệt c&aacute;c dự &aacute;n đ&atilde; triển khai cũng như cấp ph&eacute;p dự &aacute;n mới, tuy nhi&ecirc;n mặt bằng gi&aacute; cả thị trưởng sẽ dần ổn định v&agrave; kh&oacute; c&oacute; sự tăng gi&aacute; đột biến cũng như kh&ocirc;ng giảm qu&aacute; s&acirc;u do đ&atilde; dần đạt đến điểm b&atilde;o h&ograve;a.</p>\r \r <p>B&ecirc;n cạnh đ&oacute;, việc ph&aacute;t triển dự &aacute;n mới dự b&aacute;o sẽ ng&agrave;y c&agrave;ng được siết chặt hơn. Kh&ocirc;ng chỉ tại c&aacute;c đ&ocirc; thị lớn như H&agrave; Nội, th&agrave;nh phố Hồ Ch&iacute; Minh,&hellip; m&agrave; tại c&aacute;c tỉnh th&agrave;nh kh&aacute;c, việc xin cấp ph&eacute;p dự &aacute;n mới cũng sẽ &ldquo;kh&oacute; khăn&rdquo; hơn do c&aacute;c địa phương ng&agrave;y c&agrave;ng siết chặt hơn trong việc xem x&eacute;t, ph&ecirc; duyệt để đ&aacute;p ứng y&ecirc;u cầu ng&agrave;y c&agrave;ng cao của hệ thống ph&aacute;p l&yacute; cũng như quỹ đất ng&agrave;y c&agrave;ng thu hẹp.</p>\r \r <p>Trước những dự b&aacute;o về thị trường sẽ đi v&agrave;o ổn định, theo &ocirc;ng C&acirc;y, năm 2020, doanh nghiệp x&aacute;c định sẽ bảo tồn để ph&aacute;t triển, vượt qua những kh&oacute; khăn, cố gắng ho&agrave;n thiện dự &aacute;n đang c&oacute;, chuẩn bị sẵn s&agrave;ng nguồn lực v&agrave; khả năng t&agrave;i ch&iacute;nh cho c&aacute;c giai đoạn tiếp theo.</p>\r \r <h2>Gi&aacute;&nbsp;nh&agrave; đất sẽ ở mức hợp l&yacute;</h2>\r \r <p>Dự cảm thị trường bất động sản trong năm 2020, &ocirc;ng Nguyễn Ch&iacute; Thanh - Gi&aacute;m đốc C&ocirc;ng ty CP Thanh B&igrave;nh H&agrave; Nội lại c&oacute; g&oacute;c nh&igrave;n t&iacute;ch cực đến sự vươn l&ecirc;n của những đại dự &aacute;n bất động sản tại đ&ocirc; thị v&ugrave;ng ven cũng như c&acirc;u chuyện cải tạo chung cư cũ ở H&agrave; Nội.</p>\r \r <p><img alt=\"Chân dung người đàn ông trẻ mặc vest xanh đang cười mỉm.\" src=\"https://file4.batdongsan.com.vn/2020/01/10/wxbwknn6/20200110095636-575f.jpg\" />&nbsp;</p>\r \r <p>Theo &ocirc;ng Nguyễn Ch&iacute; Thanh, năm 2020 triển vọng thị trường c&oacute; thể đến từ những khu đ&ocirc; thị quy m&ocirc; lớn, quy m&ocirc; l&ecirc;n đến h&agrave;ng trăm hecta ở v&ugrave;ng ven c&aacute;c đ&ocirc; thị lớn. C&aacute;c khu đ&ocirc; thị n&agrave;y sẽ l&agrave; những điểm thu h&uacute;t nh&agrave; đầu tư v&agrave; g&oacute;p phần thay đổi hẳn về hạ tầng ở cho người d&acirc;n. Đặc biệt, c&aacute;c khu đ&ocirc; thị n&agrave;y được kỳ vọng sẽ l&agrave;m cho gi&aacute; nh&agrave; đất sẽ ở mức hợp l&yacute; hơn do x&acirc;y dựng ở quy m&ocirc; lớn sẽ gi&uacute;p giảm gi&aacute; th&agrave;nh được.</p>\r \r <p>B&ecirc;n cạnh đ&oacute;, &ocirc;ng Thanh cũng cho rằng c&acirc;u chuyện cải tạo chung cư cũ dự b&aacute;o sẽ l&agrave; điểm s&aacute;ng tiếp theo của thị trường khi đ&atilde; c&oacute; v&agrave;o cuộc mạnh mẽ, đồng bộ của nhiều b&ecirc;n, đặc biệt l&agrave; c&aacute;c cơ quan quản l&yacute; nh&agrave; nước. B&agrave;i to&aacute;n chung cư cũ của H&agrave; Nội sẽ thực sự t&igrave;m được lời giải nhanh ch&oacute;ng khi c&aacute;c mấu chốt về giải ph&oacute;ng mặt bằng v&agrave; lựa chọn chủ đầu tư hứa hẹn sẽ được th&aacute;o gỡ trong thời gian tới.</p>\r \r <p>C&ugrave;ng chung quan điểm về sự vươn l&ecirc;n của bất động sản v&ugrave;ng ven, đặc biệt l&agrave; đất nền tại c&aacute;c tỉnh th&agrave;nh l&acirc;n cận c&aacute;c đ&ocirc; thị lớn, &ocirc;ng Đ&agrave;m Quốc Hiệp - Ph&oacute; Chủ tịch HĐQT C&ocirc;ng ty CP Tập đo&agrave;n DANKO chia sẻ nhận định năm 2020, thị trường bất động sản về chung cư ở H&agrave; Nội v&agrave; c&aacute;c th&agrave;nh phố lớn n&oacute;i chung c&oacute; thể sẽ tương đối b&atilde;o h&ograve;a v&agrave; chững lại phần n&agrave;o do việc đầu tư chung cư ở H&agrave; Nội v&agrave; c&aacute;c th&agrave;nh phố lớn hầu như kh&ocirc;ng đạt được lợi nhuận kỳ vọng của c&aacute;c nh&agrave; đầu tư.</p>\r \r <p><img alt=\"Chân dung người đàn ông trung niên đeo kính trắng, mặc vest đen.ư\" src=\"https://file4.batdongsan.com.vn/2020/01/10/wxbwknn6/20200110095655-e2ef.jpg\" />&nbsp;</p>\r \r <p>&Ocirc;ng Hiệp cho rằng xu hướng dịch chuyển của d&ograve;ng vốn được dự b&aacute;o sẽ chuyển về về c&aacute;c khu đ&ocirc; thị v&agrave; đất nền ở c&aacute;c tỉnh th&agrave;nh. Trong thực tế, ph&acirc;n kh&uacute;c n&agrave;y đ&atilde; thu h&uacute;t sự tham gia của kh&aacute; nhiều chủ đầu tư lớn. Theo đ&oacute;, đ&acirc;y c&oacute; thể l&agrave; k&ecirc;nh đầu tư đem lại lợi nhuận tốt cho nh&agrave; đầu tư khi c&aacute;c dự &aacute;n khu đ&ocirc; thị tại c&aacute;c địa phương được ph&aacute;t triển bởi c&aacute;c chủ đầu tư c&oacute; năng lực, đầu tư b&agrave;i bản về hạ tầng, tiện &iacute;ch.</p>\r \r <p>Với những t&iacute;n hiệu tương đối khả quan của tăng trưởng kinh tế vĩ m&ocirc;, vượt l&ecirc;n những biến động tr&aacute;i chiều nhất định của thị trường trong năm 2019 nh&igrave;n chung c&aacute;c doanh nghiệp bất động sản đang rất sẵn s&agrave;ng cho năm 2020 với niềm tin v&agrave;o sự tăng trưởng theo hướng ổn định, bền vững v&agrave; chuy&ecirc;n nghiệp hơn khi c&oacute; sự đồng h&agrave;nh của hệ thống ch&iacute;nh s&aacute;ch trong việc tạo ra h&agrave;nh lang ph&aacute;p l&yacute; ho&agrave;n thiện, tối ưu cho sự ph&aacute;t triển.</p>\r </body>\r </html>\r ','Dự cảm thị trường BĐS năm 2020 (Kỳ 1): Góc nhìn tích cực từ doanh nghiệp',2,'Danh Thanh'),(369,'2020-11-01 00:00:00','<html>\n<head>\n	<title></title>\n</head>\n<body>\n<p><em><strong>Quận 7 l&agrave; quận đang ph&aacute;t triển n&ecirc;n gi&aacute; trị bất động sản, đặc biệt l&agrave; nh&agrave; đất sẽ tăng nhanh mỗi năm. Nếu theo d&otilde;i t&igrave;nh trạng tăng gi&aacute; c&oacute; thể thấy gi&aacute; nh&agrave; đất Quận 7 sẽ tăng từ 5-10% h&agrave;ng năm t&ugrave;y khu vực.</strong></em></p>\n\n<p>Theo đ&aacute;nh gi&aacute; chung trong v&ograve;ng 5 năm tới gi&aacute; trị tại khu vực sẽ tăng rất cao v&igrave; nh&agrave; nước đang tiến h&agrave;nh quy hoạch đồng bộ quy m&ocirc; lớn. Chẳng hạn như khu vực Ph&uacute; Mỹ Hưng, Phường T&acirc;n Quy&hellip; Dưới đ&acirc;y l&agrave; những chia sẻ về th&ocirc;ng tin quy hoạch quận 7 từ năm 2018 đến năm 2020 gi&uacute;p bạn c&oacute; c&aacute;i nh&igrave;n tổng quan hơn trước khi đưa ra quyết định của m&igrave;nh.</p>\n\n<h1>Quận 7 s&ocirc;i động căn hộ chung cư cao cấp</h1>\n\n<p>Được coi l&agrave; mỏ v&agrave;ng của thị trường bất động sản th&agrave;nh phố Hồ Ch&iacute; Minh, quận 7 lu&ocirc;n l&agrave; nơi ph&aacute;t triển v&agrave; được giới đầu tư lựa chọn h&agrave;ng đầu. Đặc biệt, nhờ đầu tư cơ sở hạ tầng kinh tế v&agrave; x&atilde; hội tốt c&ugrave;ng c&aacute;c tiện &iacute;ch cao cấp m&agrave; số lượng căn hộ b&aacute;n ra tại quận 7 nhiều hơn v&agrave; tỷ lệ ho&agrave;n vốn nhanh hơn so với c&aacute;c quận huyện kh&aacute;c.</p>\n\n<p><img alt=\"\" src=\"https://propzy.vn/tin-tuc/wp-content/uploads/2020/01/thi-truong-bat-dong-san-quan-7-1.jpg\" style=\"height:297px; width:527px\" /></p>\n\n<p><em>Quận 7 dẫn đầu về số lượng dự &aacute;n ch&agrave;o b&aacute;n v&agrave; giao dịch nhiều nhất</em></p>\n\n<p>Quận 7 c&oacute; số lượng khu đ&ocirc; thị hiện đại v&agrave; quy m&ocirc; nhiều hơn so với bất cứ quận n&agrave;o của th&agrave;nh phố, điển h&igrave;nh c&oacute; thể kể đến l&agrave;: C&aacute;c dự &aacute;n Sunshine City S&agrave;i G&ograve;n, Eco Green S&agrave;i G&ograve;n, Southgate Tower, c&aacute;c khu đ&ocirc; thị Ho&agrave;ng Anh Thanh B&igrave;nh, Sunrise City, Sunrise City View, Himlam T&acirc;n Hưng, Ph&uacute; Mỹ Hưng, An Vi&ecirc;n, Lacasa, Biệt thự Tấn Trường, Ngọc Lan, Era Town, Khu d&acirc;n cư Nam Long quận 7, Himlam Riverside, Sky, Hưng Vượng,&hellip; Tất cả c&aacute;c dự &aacute;n n&agrave;y đều nhận được sự quan t&acirc;m rất lớn của giới chuy&ecirc;n m&ocirc;n v&agrave; đ&ocirc;ng đảo kh&aacute;ch h&agrave;ng c&oacute; &yacute; định đầu tư v&agrave;o bất động sản.</p>\n\n<h1>Quy hoạch hạ tầng Quận 7 định hướng đến năm 2020</h1>\n\n<p>Ủy ban nh&acirc;n d&acirc;n th&agrave;nh phố Hồ Ch&iacute; Minh ban h&agrave;nh Quyết định số 5760/QĐ về duyệt đồ &aacute;n điều chỉnh quy hoạch chung x&acirc;y dựng quận 7 theo tỉ lệ 1/5.000 đến năm 2020. Theo quyết định n&agrave;y th&igrave; trong 3 năm tới Quận 7 c&oacute; tổng diện t&iacute;ch l&ecirc;n tới 3.546,79 ha với d&acirc;n số dự kiến tối đa 424.000 người. Khu d&acirc;n cư hiện hữu chủ yếu sẽ tập trung v&agrave;o bốn phường c&oacute; cơ sở hạ tầng tương đối ổn định như: phường T&acirc;n Kiểng, T&acirc;n Phong, T&acirc;n Quy.</p>\n\n<p><img alt=\"\" src=\"https://propzy.vn/tin-tuc/wp-content/uploads/2020/01/thi-truong-bat-dong-san-quan-7-3.jpg\" style=\"height:424px; width:516px\" /></p>\n\n<p><em>Bản đồ quy hoạch hạ tầng quận 7</em></p>\n\n<p>Đặc biệt l&agrave; tại khu Nam S&agrave;i G&ograve;n, Ủy ban nh&acirc;n d&acirc;n th&agrave;nh phố sẽ chọn khu kiểu mẫu l&agrave; khu đ&ocirc; thị Ph&uacute; Mỹ Hưng l&agrave; t&acirc;m điểm quan trọng nhất gồm c&aacute;c phường T&acirc;n Hưng, T&acirc;n Ph&uacute;, phường Ph&uacute; Mỹ, phường Ph&uacute; Thuận để l&agrave;m ti&ecirc;u chuẩn x&acirc;y dựng c&aacute;c khu đ&ocirc; thị v&agrave; dự &aacute;n căn hộ sẽ được triển khai trong tương lai.</p>\n\n<ul>\n	<li>Theo quyết định 5760 của Ủy ban nh&acirc;n d&acirc;n th&agrave;nh phố, quận 7 được chia th&agrave;nh bốn khu vực để ph&aacute;t huy được tối đa c&aacute;c tiềm năng của khu vực.</li>\n	<li>Khu vực 1 l&agrave; khu s&ocirc;ng &Ocirc;ng Lớn với diện t&iacute;ch khoảng 10ha thuộc phường T&acirc;n Hưng. Nơi đ&acirc;y c&oacute; c&aacute;c chức năng: dịch vụ &ndash; thương mại &ndash; du lịch, trường học , trung t&acirc;m y tế, khu thể dục thể thao, nh&agrave; ở chung cư cao tầng kết hợp khu c&ocirc;ng vi&ecirc;n xanh.</li>\n	<li>Khu vực 2 l&agrave; khu vực ph&iacute;a bắc của phường T&acirc;n Thuận Đ&ocirc;ng gần cầu nối sang khu đ&ocirc; thị Thủ Thi&ecirc;m. Chức năng ch&iacute;nh của khu vực n&agrave;y l&agrave;: c&ocirc;ng tr&igrave;nh dịch vụ đ&ocirc; thị kết hợp với nh&agrave; ở cao tầng, c&acirc;y xanh, trường trung học cơ sở.</li>\n	<li>Khu vực 3 l&agrave; khu vực ph&iacute;a Bắc thuộc phường Ph&uacute; Thuận gần cầu Ph&uacute; Mỹ, khu vực c&oacute; diện t&iacute;ch khoảng 20ha bao gồm chức năng ch&iacute;nh: c&ocirc;ng tr&igrave;nh dịch vụ đ&ocirc; thị kết hợp với nh&agrave; ở cao tầng, c&acirc;y xanh, trường trung học cơ sở.</li>\n	<li>Khu vực 4 l&agrave; khu vực ph&iacute;a T&acirc;y với đường Đ&agrave;o Tr&iacute; c&oacute; diện t&iacute;ch khoảng 27ha thuộc phường Ph&uacute; Thuận. Khu vực bao gồm chức năng: c&ocirc;ng tr&igrave;nh dịch vụ đ&ocirc; thị kết hợp với nh&agrave; ở cao tầng, c&acirc;y xanh, trường trung học phổ th&ocirc;ng.</li>\n</ul>\n\n<p>Ngo&agrave;i ra, quận 7 sở hữu khu đất v&agrave;ng nằm trong hệ thống cảng dọc s&ocirc;ng S&agrave;i G&ograve;n. Hệ thống cảng dọc s&ocirc;ng S&agrave;i G&ograve;n như Cảng Gas, Cảng Bến Ngh&eacute; v&agrave; Cảng Vic sẽ được di dời sau năm 2020, trong khi đ&oacute; Cảng Rau Quả sẽ được tiếp tục kinh doanh khai th&aacute;c đến 2020 v&agrave; sau đ&oacute; được tiến h&agrave;nh chuyển đ&ocirc;i c&ocirc;ng năng tại chỗ theo quy hoạch.</p>\n\n<p><img alt=\"\" src=\"https://propzy.vn/tin-tuc/wp-content/uploads/2020/01/thi-truong-bat-dong-san-quan-7-2.jpg\" style=\"height:305px; width:542px\" /></p>\n\n<p><em>Quận 7 được đ&aacute;nh gi&aacute; l&agrave; mảnh đất gi&agrave;u tiềm năng ph&aacute;t triển bậc nhất tại TP.HCM</em></p>\n\n<p>Quận 7 lu&ocirc;n được xem l&agrave; thị trường b&eacute;o bở trong thị trường bất động sản TPHCM với h&agrave;ng loạt c&aacute;c dự &aacute;n đ&atilde; v&agrave; đang được đầu tư kh&aacute; lớn. Tuy nhi&ecirc;n, trước khi quyết định c&oacute; n&ecirc;n đầu tư chọn nơi đ&acirc;y để l&agrave;m nơi an cư của m&igrave;nh hay kh&ocirc;ng th&igrave; việc t&igrave;m hiểu th&ocirc;ng tin quy hoạch l&agrave; một việc quan trọng kh&ocirc;ng thể bỏ qua.</p>\n\n<p><em>Nguồn: Tổng hợp</em></p>\n</body>\n</html>\n','Thông tin quy hoạch quận 7: Nâng cao đầu tư cơ sở hạ tầng đến 2020',2,'Danh Thanh'),(370,'2020-11-01 00:00:00','<html>\n<head>\n	<title></title>\n</head>\n<body>\n<h1>Bốn yếu tố bạn n&ecirc;n mua bất động sản Quận 9&nbsp;v&agrave;o thời điểm n&agrave;y</h1>\n\n<p>08/01/2020</p>\n\n<p>Khu Đ&ocirc;ng S&agrave;i G&ograve;n đặc biệt&nbsp;<strong><a href=\"https://propzy.vn/mua/ban-nha-rieng-quan-9?src=home_search_box\">Quận 9</a></strong>&nbsp;tiếp tục dẫn đầu thị trường với giao dịch s&ocirc;i động, thu h&uacute;t cộng đồng năng động, c&aacute;c nh&agrave; đầu tư trong v&agrave; ngo&agrave;i nước.&nbsp;</p>\n\n<p><strong>Giao th&ocirc;ng đa dạng, kết nối thuận tiện</strong></p>\n\n<p>Từ quận 9, cư d&acirc;n đi v&agrave;o trung t&acirc;m th&agrave;nh phố hoặc c&aacute;c tỉnh miền Đ&ocirc;ng rất thuận tiện bằng hầm Thủ Thi&ecirc;m, Xa lộ H&agrave; Nội v&agrave; đường cao tốc TP HCM &ndash; Long Th&agrave;nh &ndash; Dầu Gi&acirc;y. Th&ecirc;m v&agrave;o đ&oacute;, tuyến metro số 1 (Bến Th&agrave;nh &ndash; Suối Ti&ecirc;n) dự kiến vận h&agrave;nh v&agrave;o năm 2021 sẽ gi&uacute;p quận 9 kết nối nhanh ch&oacute;ng với khu vực trung t&acirc;m. Chưa kể, c&aacute;c tuyến đường trục giao th&ocirc;ng ch&iacute;nh của quận 9 như Nguyễn Duy Trinh, Nguyễn Xiển, Đỗ Xu&acirc;n Hợp, L&ecirc; Văn Việt, cầu Ph&uacute; Hữu, cầu Tăng Long&hellip; cũng đang nhận đầu tư h&agrave;ng ngh&igrave;n tỷ đồng để n&acirc;ng cấp mở rộng.</p>\n\n<p><a href=\"https://propzy.vn/mua/ban-nha-rieng-quan-9?src=home_search_box\"><strong>Quận 9</strong></a>&nbsp;l&agrave; một trong những khu vực c&oacute; số lượng cầu x&acirc;y mới nhiều nhất trong năm 2019 tại TP HCM với 6 c&ocirc;ng tr&igrave;nh, gồm cầu vượt trước Bến xe miền Đ&ocirc;ng mới, cầu Ch&ugrave;m Chụp, cầu Lấp, cầu L&agrave;ng, cầu &Ocirc;ng Bồn v&agrave; cầu V&agrave;m Xuồng. Theo giới chuy&ecirc;n gia, sự xuất hiện của c&ocirc;ng tr&igrave;nh cầu đường lu&ocirc;n tạo ra sự s&ocirc;i động cho bất động sản l&acirc;n cận.</p>\n\n<p>B&ecirc;n cạnh đ&oacute;, trong tương lai kh&ocirc;ng xa, c&aacute;c dự &aacute;n nằm tr&ecirc;n địa b&agrave;n quận 9 c&agrave;ng th&ecirc;m gi&aacute; trị khi lợi thế đường thủy ph&aacute;t huy mạnh mẽ. Đ&oacute; l&agrave; tuyến giao th&ocirc;ng chiến lược s&ocirc;ng S&agrave;i G&ograve;n &ndash; s&ocirc;ng Đồng Nai hiện hữu kết nối TP HCM &ndash; Bi&ecirc;n H&ograve;a.</p>\n\n<p>Dưới g&oacute;c nh&igrave;n của giới đầu tư, sức h&uacute;t của c&aacute;c dự &aacute;n bất động sản một phần do yếu tố hạ tầng giao th&ocirc;ng quyết định, ch&iacute;nh v&igrave; vậy quận 9 đang sở hữu nhiều ưu thế. B&ecirc;n cạnh đ&oacute;, lợi thế nằm kế cận quận 2 ph&aacute;t triển s&ocirc;i động với đ&ocirc; thị mới Thủ Thi&ecirc;m kỳ vọng trở th&agrave;nh trung t&acirc;m t&agrave;i ch&iacute;nh kinh tế tầm cỡ quốc tế trong tương lai, cũng l&agrave; l&yacute; do khiến bất động sản quận 9 trở th&agrave;nh một trong những lựa chọn đầu tư h&agrave;ng đầu trong v&agrave;i năm trở lại đ&acirc;y.</p>\n\n<p><img alt=\"\" src=\"https://propzy.vn/tin-tuc/wp-content/uploads/2020/01/gia-dt-qun-92.png\" style=\"height:437px; width:640px\" /></p>\n\n<p>C&aacute;c tuyến đường Li&ecirc;n Phường, Đỗ Xu&acirc;n Hợp đ&atilde; mở rộng.</p>\n\n<p><strong>Tập trung định hướng ph&aacute;t triển của th&agrave;nh phố v&agrave;o quận 9</strong></p>\n\n<p><a href=\"https://propzy.vn/mua/ban-nha-rieng-quan-9?src=home_search_box\"><strong>Quận 9</strong></a>&nbsp;c&ugrave;ng với&nbsp;<a href=\"https://propzy.vn/mua/ban-nha-rieng-quan-2?src=home_search_box\"><strong>quận 2</strong></a>&nbsp;v&agrave; Thủ Đức được quy hoạch th&agrave;nh khu đ&ocirc; thị s&aacute;ng tạo ph&iacute;a Đ&ocirc;ng, tập trung c&aacute;c khu c&ocirc;ng nghệ cao thu h&uacute;t h&agrave;ng tỷ USD từ nhiều tập đo&agrave;n h&agrave;ng đầu thế giới như Samsung, Schneider, Intel, Microsoft&hellip; Tại đ&acirc;y c&ograve;n c&oacute; đại học Fulbright, khu đ&ocirc; thị Đại học Quốc gia TP HCM với c&aacute;c khu nghi&ecirc;n cứu c&ocirc;ng nghệ mới, cảng Ph&uacute; Hữu, khu du lịch Suối Ti&ecirc;n v&agrave; c&ocirc;ng vi&ecirc;n lịch sử văn h&oacute;a d&acirc;n tộc&hellip;</p>\n\n<p>TP HCM l&agrave; đ&ocirc; thị năng động nhất nước.&nbsp;Thống k&ecirc; 1/4/2019 cho thấy TP HCM c&oacute; đạt 9 triệu người, mật độ d&acirc;n số d&agrave;y đặc nhất cả nước. Theo quy hoạch đến năm 2025, quận 9 sẽ tập trung ph&aacute;t triển c&aacute;c khu đ&ocirc; thị mới c&oacute; quy m&ocirc; lớn, đồng bộ hạ tầng x&atilde; hội, phục vụ cho qu&aacute; tr&igrave;nh gi&atilde;n d&acirc;n cơ học, giảm &aacute;p lực về giao th&ocirc;ng v&agrave; nh&agrave; ở cho khu vực l&otilde;i trung t&acirc;m.</p>\n\n<p><img alt=\"\" src=\"https://propzy.vn/tin-tuc/wp-content/uploads/2020/01/bxmd_1_zing.jpg\" style=\"height:642px; width:1024px\" /></p>\n\n<p>Bến xe miền Đ&ocirc;ng mới nằm tại phường Long B&igrave;nh, quận 9, TP.HCM</p>\n\n<p><strong>Cộng đồng cư d&acirc;n tri thức v&agrave; năng động</strong></p>\n\n<p>Việc&nbsp;<a href=\"https://propzy.vn/mua/ban-nha-rieng-quan-9?src=home_search_box\"><strong>quận 9</strong></a>&nbsp;trở th&agrave;nh đ&ocirc; thị s&aacute;ng tạo cũng đồng nghĩa với việc sẽ thu h&uacute;t đ&ocirc;ng đảo c&aacute;c chuy&ecirc;n gia, giới tr&iacute; thức, gia đ&igrave;nh trẻ đến thu&ecirc; hoặc mua nh&agrave; sinh sống l&acirc;u d&agrave;i. Khu đ&ocirc; thị s&aacute;ng tạo sẽ l&agrave; nơi ươm mầm hệ sinh th&aacute;i khởi nghiệp s&aacute;ng tạo, mở ra c&aacute;c cơ hội kinh doanh mới, cung cấp những tiện &iacute;ch v&agrave; dịch vụ mới phục vụ người d&acirc;n, giải ph&oacute;ng năng lượng s&aacute;ng tạo của con người.</p>\n\n<p>Hiện nay, nhiều khu d&acirc;n cư đ&atilde; v&agrave; đang h&igrave;nh th&agrave;nh, tạo n&ecirc;n cộng đồng d&acirc;n cư tr&iacute; thức, văn minh. K&eacute;o theo đ&oacute; l&agrave; sự ph&aacute;t triển của nhiều cơ sở hạ tầng, tiện &iacute;ch v&agrave; dịch vụ như trường học, ph&ograve;ng kh&aacute;m quốc tế, nh&agrave; h&agrave;ng, spa, trung t&acirc;m thương mại, cao ốc văn ph&ograve;ng&hellip;</p>\n\n<p>Nhiều dự &aacute;n bất động sản lớn cũng triển khai ở khu vực n&agrave;y để đ&aacute;p ứng nhu cầu nh&agrave; ở cũng như cho thu&ecirc;, trong đ&oacute; c&oacute; Tập đo&agrave;n Vingroup với đại dự &aacute;n Vinhomes Grand Park trong qu&yacute; II/2019. Dự &aacute;n đ&atilde; g&oacute;p phần dần thay đổi đ&aacute;ng kể diện mạo đ&ocirc; thị quận 9 v&agrave; trở th&agrave;nh trung t&acirc;m mới của TP HCM trong tương lai với hơn 20.000 bất động sản cung ứng ra thị trường.</p>\n\n<p><strong>Kh&ocirc;ng gian sống hiện đại</strong></p>\n\n<p>Quận 9 l&agrave; quận c&oacute; diện t&iacute;ch lớn nhất TP HCM với 114 km2 nhưng d&acirc;n số chỉ v&agrave;o khoảng hơn 263.000 người, mật độ d&acirc;n số 2.311 người mỗi km2. Quận cũng được bao quanh bởi c&aacute;c s&ocirc;ng S&agrave;i G&ograve;n, s&ocirc;ng Đồng Nai, s&ocirc;ng Tắc, s&ocirc;ng &Ocirc;ng Nhi&ecirc;u&hellip; Địa thế thuận lợi khi cao hơn mực nước biển 5m-14m. Nằm&nbsp;giữa l&ograve;ng khu Đ&ocirc;ng TP HCM đầy s&ocirc;i động, lại liền kề khu c&ocirc;ng nghệ cao nhiều tiềm năng ph&aacute;t triển, bất động sản quận 9 đang đứng trước nhiều cơ hội &ldquo;thức giấc&rdquo;. Phải kể đến c&aacute;c chủ đầu tư đ&atilde; đầu tư c&aacute;c khu cư d&acirc;n cư c&oacute; kh&ocirc;ng gian sống xanh v&agrave; an ninh kh&eacute;p k&iacute;n g&oacute;p phần l&agrave;m n&ecirc;n diện mạo đ&aacute;ng sống, quy hoạch chuẩn h&oacute;a cho quận 9 như Gia H&ograve;a, Khang Điền, M.I.K, Nam Long, VinGroup, Khang Việt,&hellip;</p>\n\n<p>C&aacute;c phường khu d&acirc;n cư hiện hữu l&acirc;u đời d&acirc;n cư đ&ocirc;ng đ&uacute;c như Phước B&igrave;nh, Phước Long A, Phước Long B, Hiệp Ph&uacute;, Tăng Nhơn Ph&uacute; A, Tăng Nhơn Ph&uacute; B; C&aacute;c phường đầu tư v&igrave; đ&atilde; quy hoạch chuẩn th&agrave;nh trung t&acirc;m h&agrave;nh ch&aacute;nh mới dễ d&agrave;ng di chuyển về quận 2 như Ph&uacute; Hữu, Long Trường, Trường Thạnh; C&aacute;c phường gần bến xe miền Đ&ocirc;ng Mới, Gần Vinhomes Grand Park như T&acirc;n Ph&uacute;, Long B&igrave;nh, Long Thạnh Mỹ, Long Phước,&hellip;</p>\n\n<p><img alt=\"\" src=\"https://propzy.vn/tin-tuc/wp-content/uploads/2020/01/suoi-tien-anh-doc-lap_caau_bida.jpg\" style=\"height:495px; width:660px\" /></p>\n\n<p>Khu vực Q.9 nằm trong quy hoạch ph&aacute;t triển khu đ&ocirc; thị s&aacute;ng tạo</p>\n\n<p>C&aacute;c tuyến đường trục ch&iacute;nh đang giao dịch mạnh ph&ugrave; hợp mua ở v&agrave; đầu tư nhộn nhịp như dọc&nbsp;Nguyễn Duy Trinh, Nguyễn Xiển (Gần Vinhomes Grand Park), Đỗ Xu&acirc;n Hợp, L&ecirc; Văn Việt, V&otilde; Ch&iacute; C&ocirc;ng (Khu C&ocirc;ng Nghệ Cao &ndash; Phường Ph&uacute; Hữu, L&atilde; Xu&acirc;n Oai (Đ&ocirc;ng Tăng Long &ndash; Trường Thạnh).</p>\n\n<p>Trong năm 2020, thị trường Bất động sản Quận 9 dự đo&aacute;n c&oacute; nhiều biến động. Để được tư vấn v&agrave; hỗ trợ th&ocirc;ng tin, qu&yacute; kh&aacute;ch c&oacute; thể li&ecirc;n hệ trực tiếp với c&aacute;c chuy&ecirc;n vi&ecirc;n BĐS ngay tại điểm TC của Propzy&nbsp;<a href=\"https://propzy.vn/diem-giao-dich\"><strong>Quận 9</strong></a>.</p>\n\n<ul>\n	<li><a href=\"https://propzy.vn/tin-tuc/thi-truong-bat-dong-san-vao-mua-cao-diem-cuoi-nam/\">Thị trường bất động sản v&agrave;o m&ugrave;a cao điểm cuối năm</a></li>\n	<li><a href=\"https://propzy.vn/tin-tuc/he-lo-yeu-to-lam-cho-bat-dong-san-phu-nhuan-tro-nen-hot/\">H&eacute; lộ yếu tố l&agrave;m cho bất động sản Ph&uacute; Nhuận trở n&ecirc;n &quot;hot&quot;</a></li>\n	<li><a href=\"https://propzy.vn/tin-tuc/co-nen-mua-nha-thoi-diem-cuoi-nam/\">C&oacute; n&ecirc;n mua nh&agrave; thời điểm cuối năm?</a></li>\n</ul>\n\n<p><img alt=\"\" src=\"https://propzy.vn/tin-tuc/wp-content/uploads/2020/01/Q9.jpg\" style=\"height:900px; width:900px\" /></p>\n</body>\n</html>\n','Bốn yếu tố bạn nên mua bất động sản Quận 9 vào thời điểm này',2,'Danh Thanh'),(371,'2020-11-01 00:00:00','<html>\n<head>\n	<title></title>\n</head>\n<body>\n<h2>Tiết kiệm được hơn 700 triệu đồng, chị Ho&agrave;ng Ng&acirc;n muốn vay th&ecirc;m 1 tỷ để mua nh&agrave;. Vậy mỗi th&aacute;ng chị Ng&acirc;n phải trả số tiền cả l&atilde;i v&agrave; gốc bao nhi&ecirc;u?</h2>\n\n<p><strong>Hỏi:&nbsp;</strong><em>T&ocirc;i hiện đang l&agrave; nh&acirc;n vi&ecirc;n kinh doanh một c&ocirc;ng ty truyền th&ocirc;ng, thu nhập khoảng 12 triệu đồng/th&aacute;ng, chồng t&ocirc;i l&agrave;m ở c&ocirc;ng ty thương mại điện tử thu nhập khoảng 20 triệu/th&aacute;ng. Hiện tại vợ chồng t&ocirc;i đang c&oacute; hơn 700 triệu đồng v&agrave; muốn d&ugrave;ng ch&iacute;nh căn nh&agrave; định mua để thế chấp ng&acirc;n h&agrave;ng vay th&ecirc;m 1 tỷ đồng. Vậy ch&uacute;ng t&ocirc;i cần đ&aacute;p ứng được những điều kiện g&igrave;,&nbsp;n&ecirc;n vay trong thời hạn bao l&acirc;u v&agrave; mỗi th&aacute;ng phải trả cả gốc v&agrave; l&atilde;i l&agrave; bao nhi&ecirc;u tiền?</em></p>\n\n<p style=\"text-align:right\"><strong><em>Ho&agrave;ng Ng&acirc;n (Cầu Giấy, H&agrave; Nội)</em></strong></p>\n\n<p><strong><a href=\"/\" target=\"_blank\">REVN</a>&nbsp;tư vấn:</strong></p>\n\n<ol>\n	<li>\n	<p><strong><em>1. Về điều kiện để được vay 1 tỷ đồng mua nh&agrave;</em></strong></p>\n	</li>\n</ol>\n\n<p>Để được ng&acirc;n h&agrave;ng hỗ trợ cho vay l&ecirc;n đến 1 tỷ đồng, bạn phải đ&aacute;p ứng đủ những điều kiện cơ bản sau đ&acirc;y:</p>\n\n<p><strong>&nbsp; &nbsp; *</strong>&nbsp;C&oacute; t&agrave;i sản thế chấp l&agrave; bất động sản đ&atilde; được cấp sổ đỏ v&agrave; được ng&acirc;n h&agrave;ng định gi&aacute; đủ điều kiện. Th&ocirc;ng thường, khi cho vay theo h&igrave;nh thức thế chấp sổ đỏ, hạn mức vay tối đa l&ecirc;n tới 75% gi&aacute; trị sổ đỏ, do đ&oacute;, để vay được số tiền 1 tỷ đồng th&igrave; gi&aacute; trị căn nh&agrave; tối thiểu phải đạt 1,35 tỷ đồng.</p>\n\n<p><strong>&nbsp; &nbsp; *</strong>&nbsp;Sinh sống hoặc l&agrave;m việc tại địa b&agrave;n c&oacute; chi nh&aacute;nh ng&acirc;n h&agrave;ng mong muốn vay vốn.</p>\n\n<p><strong>&nbsp; &nbsp; *</strong>&nbsp;L&agrave; c&ocirc;ng d&acirc;n Việt Nam c&oacute; độ tuổi từ đủ 18 tuổi v&agrave; kh&ocirc;ng qu&aacute; 70 tuổi khi đ&aacute;o hạn khoản vay.</p>\n\n<p><strong>&nbsp; &nbsp; *</strong>&nbsp;C&oacute; thu nhập ổn định, c&oacute; thể chứng minh được v&agrave; đủ khả năng trả nợ theo phương &aacute;n vay. Th&ocirc;ng thường ng&acirc;n h&agrave;ng sẽ t&iacute;nh to&aacute;n tổng số tiền gốc v&agrave; l&atilde;i phải trả h&agrave;ng th&aacute;ng của khoản vay kh&ocirc;ng vượt qu&aacute; 70% tổng thu nhập của người vay + người đồng trả nợ.</p>\n\n<p><strong>&nbsp; &nbsp; *&nbsp;</strong>Kh&ocirc;ng c&oacute; lịch sử nợ xấu tại c&aacute;c tổ chức t&iacute;n dụng.</p>\n\n<p><strong>&nbsp; &nbsp; *&nbsp;</strong>Chứng minh được mục đ&iacute;ch vay vốn hợp ph&aacute;p.</p>\n\n<p><img alt=\"Hình ảnh ngôi nhà, máy tính cầm tay, con lợn tiết kiệm và 2 đồng tiền\" src=\"https://file4.batdongsan.com.vn/2020/01/09/b9sp0zUm/20200109171410-3fa6.jpg\" title=\"Vay 1 tỷ đồng mua nhà thì mỗi tháng phải trả cho ngân hàng cả gốc và lãi là bao nhiêu?\" /><br />\n<em>Vay 1 tỷ mua nh&agrave; l&agrave; khoản tiền lớn, kh&aacute;ch h&agrave;ng cần t&iacute;nh to&aacute;n cẩn thận số tiền<br />\ntrả h&agrave;ng th&aacute;ng để c&oacute; kế hoạch trả nợ thật r&otilde; r&agrave;ng, cụ thể. Ảnh minh họa</em></p>\n\n<ol>\n	<li value=\"2\">\n	<p><strong><em>2. Về thời hạn vay vốn</em></strong></p>\n	</li>\n</ol>\n\n<p>Hiện nay, hầu hết c&aacute;c ng&acirc;n h&agrave;ng c&oacute; c&aacute;c g&oacute;i vay mua bất động sản với thời gian cho vay từ tối thiểu 24 th&aacute;ng đến 240 th&aacute;ng (20 năm). Một tỷ đồng l&agrave; số tiền kh&aacute; lớn, v&igrave; vậy, bạn n&ecirc;n chọn thời hạn vay trong 20 năm để giảm &aacute;p lực trả nợ h&agrave;ng th&aacute;ng. Nếu trong v&ograve;ng 10 năm bạn c&oacute; khả năng trả hết nợ, ng&acirc;n h&agrave;ng vẫn cho ph&eacute;p bạn trả nợ trước hạn. Ph&iacute; phạt trả nợ trước hạn t&ugrave;y từng ng&acirc;n h&agrave;ng, chiếm khoảng từ 0,5 đến 3% t&iacute;nh tr&ecirc;n số tiền trả nợ trước hạn. C&ograve;n nếu bạn tất to&aacute;n trước hạn từ năm thứ 5, kh&aacute; nhiều ng&acirc;n h&agrave;ng c&oacute; ch&iacute;nh s&aacute;ch miễn ph&iacute; trả nợ trước hạn.</p>\n\n<ol>\n	<li value=\"3\">\n	<p><strong><em>3. Về số tiền l&atilde;i v&agrave; gốc phải trả h&agrave;ng th&aacute;ng</em></strong>​​​​​​​</p>\n	</li>\n</ol>\n\n<p>Hiện nay, c&aacute;c ng&acirc;n h&agrave;ng thường sử dụng phương thức t&iacute;nh l&atilde;i suất &aacute;p dụng tr&ecirc;n dư nợ giảm dần.&nbsp;Với số vốn vay 1 tỷ đồng, giả sử bạn vay tại ng&acirc;n h&agrave;ng Techcombank trong thời gian 20 năm (240 th&aacute;ng), l&atilde;i suất ưu đ&atilde;i trong 12 th&aacute;ng&nbsp;đầu ti&ecirc;n l&agrave; 8,29%/năm (tương đương 0,69%/th&aacute;ng); l&atilde;i suất sau thời gian ưu đ&atilde;i dự kiến l&agrave; 10,5%/năm (tương đương 0,875%/th&aacute;ng) th&igrave; tổng số tiền l&atilde;i v&agrave; gốc bạn phải thanh to&aacute;n h&agrave;ng th&aacute;ng cụ thể như sau:</p>\n\n<p><strong><em>Trong thời gian ưu đ&atilde;i:</em></strong></p>\n\n<p><em><strong>&nbsp; &nbsp;*&nbsp;</strong>Th&aacute;ng đầu ti&ecirc;n phải trả:</em></p>\n\n<p>Tiền l&atilde;i = 1.000.000.000 x 0,69% = 6.900.000 VNĐ</p>\n\n<p>Tiền gốc = 1.000.000.000 &divide; 240 th&aacute;ng = 4.166.666 VNĐ</p>\n\n<p>Tổng l&atilde;i + gốc = 6.900.000 + 4.166.666 = 11.066.666 VNĐ</p>\n\n<p><em><strong>&nbsp; *&nbsp;</strong>Th&aacute;ng thứ hai phải trả:</em></p>\n\n<p>Tiền l&atilde;i = (1.000.000.000 &ndash; 4.166.666) &times; 0,69% = 6.871.250 VNĐ</p>\n\n<p>Tiền gốc = 1.000.000.000 &divide; 240 th&aacute;ng = 4.166.666 VNĐ</p>\n\n<p>Tổng l&atilde;i + gốc =&nbsp; 6.871.250 + 4.166.666 = 11.037.916 VNĐ</p>\n\n<p>Tương tự đối với th&aacute;ng thứ ba đến th&aacute;ng thứ 12.</p>\n\n<p><strong><em>Sau thời gian ưu đ&atilde;i (từ th&aacute;ng thứ 13 trở đi &ndash; dư nợ gốc từ thời điểm n&agrave;y l&agrave; 950.000.008 VND):</em></strong></p>\n\n<p><em><strong>&nbsp; &nbsp;*&nbsp;</strong>Th&aacute;ng thứ 13 phải trả:</em></p>\n\n<p>Tiền l&atilde;i = 950.000.008 x 0,875% = 8.312.500 VNĐ</p>\n\n<p>Tiền gốc = 1.000.000.000 &divide; 240 th&aacute;ng = 4.166.666 VNĐ</p>\n\n<p>Tổng l&atilde;i + gốc = 8.312.500 + 4.166.666 = 12.479.166 VNĐ</p>\n\n<p><em><strong>&nbsp; *&nbsp;</strong>Th&aacute;ng thứ 14 phải trả:</em></p>\n\n<p>Tiền l&atilde;i = (950.000.008 &ndash; 4.166.666) &times; 0,875% = 8.276.041 VNĐ</p>\n\n<p>Tiền gốc = 1.000.000.000 &divide; 240 th&aacute;ng = 4.166.666 VNĐ</p>\n\n<p>Tổng l&atilde;i + gốc = &nbsp;8.276.041+ 4.166.666 = 12.442.707 VND</p>\n\n<p>Tương tự đối với th&aacute;ng thứ 15&nbsp;cho đến th&aacute;ng thứ 240.</p>\n\n<p>Như vậy, số tiền phải trả l&atilde;i v&agrave; gốc h&agrave;ng th&aacute;ng đối với khoản vay của bạn cao nhất (tạm t&iacute;nh) sẽ l&agrave; 12.479.166 VND, chiếm khoảng 39% tổng thu nhập của gia đ&igrave;nh bạn. Đ&acirc;y l&agrave; hệ số nợ phải trả tương đối an to&agrave;n để bạn c&oacute; thể quyết định vay số tiền n&agrave;y. Hy vọng với những th&ocirc;ng tin v&agrave; sự tư vấn tr&ecirc;n, bạn sẽ c&oacute; kế hoạch trả nợ cụ thể để c&acirc;n đối chi ti&ecirc;u cho bản th&acirc;n v&agrave; gia đ&igrave;nh một c&aacute;ch hợp l&yacute; nhất.</p>\n</body>\n</html>\n','Vay 1 tỷ đồng mua nhà, mỗi tháng phải trả gốc và lãi bao nhiêu?',1,'Danh Thanh'),(372,'2020-11-01 00:00:00','<html>\n<head>\n	<title></title>\n</head>\n<body>\n<h2>Khi gặp được một mảnh đất ưng &yacute; th&igrave; việc t&igrave;m hiểu th&ocirc;ng tin xem đất đ&oacute; c&oacute; đang nằm trong quy hoạch hay kh&ocirc;ng l&agrave; điều rất quan trọng, nhất l&agrave; khi bạn mua đất để ở. Vậy l&agrave;m c&aacute;ch n&agrave;o để x&aacute;c định một mảnh đất c&oacute; đang nằm trong diện quy hoạch hay kh&ocirc;ng?</h2>\n\n<p>Dưới đ&acirc;y ch&uacute;ng t&ocirc;i&nbsp;đưa ra 4 c&aacute;ch nhận biết đất c&oacute; d&iacute;nh quy hoạch hay kh&ocirc;ng để người mua đất tham khảo:</p>\n\n<p><strong>1. Kiểm tra th&ocirc;ng tin tr&ecirc;n sổ đỏ</strong></p>\n\n<p>Nếu đất đ&atilde; c&oacute; sổ đỏ (giấy chứng nhận quyền sử dụng đất) th&igrave; th&ocirc;ng tin quy hoạch thường sẽ được ghi trực tiếp tại phần ghi ch&uacute; trong sổ, trong đ&oacute; n&ecirc;u r&otilde; l&ocirc; đất n&agrave;y đang trong diện quy hoạch g&igrave;. Người mua c&oacute; thể xem x&eacute;t quy hoạch đ&oacute; c&oacute; ph&ugrave; hợp với m&igrave;nh kh&ocirc;ng để tiến h&agrave;nh thực hiện mua đất.&nbsp;</p>\n\n<p><strong>2. Li&ecirc;n hệ c&ocirc;ng ty, dịch vụ nh&agrave; đất ở địa phương</strong></p>\n\n<p>Những c&ocirc;ng ty l&agrave;m việc trong lĩnh vực nh&agrave; đất ở địa phương l&agrave;m kinh doanh dựa tr&ecirc;n đất đai n&ecirc;n sẽ nắm được vấn đề quy hoạch ở địa phương. Do đ&oacute;, những c&ocirc;ng ty n&agrave;y sẽ gi&uacute;p kh&aacute;ch h&agrave;ng nắm được th&ocirc;ng tin quy hoạch một c&aacute;ch nhanh ch&oacute;ng, dễ d&agrave;ng hơn.&nbsp;</p>\n\n<p><img alt=\"Khu đất trống, phía là là một vài tòa nhà cao tầng\" src=\"https://file4.batdongsan.com.vn/2019/12/31/tEfrXoEj/20191231150920-15d7.jpg\" title=\"Kiểm tra quy hoạch đất.\" /><br />\n<em>Người mua c&oacute; thể li&ecirc;n hệ c&ocirc;ng ty, dịch vụ nh&agrave; đất ở địa phương để<br />\nkiểm tra th&ocirc;ng tin l&ocirc; đất. Ảnh minh họa</em></p>\n\n<p><strong>3. Li&ecirc;n hệ cơ quan chức năng c&oacute; thẩm quyền tại nơi c&oacute; đất&nbsp;</strong></p>\n\n<p>Bạn c&oacute; thể đến trực tiếp Ph&ograve;ng T&agrave;i nguy&ecirc;n M&ocirc;i trường ở quận, huyện nơi c&oacute; nh&agrave; đất để hỏi cụ thể. C&aacute;c c&aacute;n bộ chức năng sẽ gi&uacute;p người d&acirc;n tra cứu bản đồ quy hoạch v&agrave; giải đ&aacute;p liệu nh&agrave; đất m&igrave;nh mua c&oacute; nằm trong khu quy hoạch tương lai hay kh&ocirc;ng.&nbsp;</p>\n\n<p>Đ&acirc;y l&agrave; một c&aacute;ch kiểm tra th&ocirc;ng tin an to&agrave;n v&agrave; c&oacute; độ ch&iacute;nh x&aacute;c cao, tuy nhi&ecirc;n sẽ hơi tốn thời gian v&agrave; c&ocirc;ng sức, nhất l&agrave; khi bạn kh&ocirc;ng ở gần trung t&acirc;m h&agrave;nh ch&iacute;nh. Cũng kh&ocirc;ng loại trừ trường hợp số lượng người c&oacute; nhu cầu kiểm tra th&ocirc;ng tin bất động sản như qu&aacute; đ&ocirc;ng, n&ecirc;n đ&ocirc;i khi xảy ra t&igrave;nh trạng qu&aacute; tải, cơ quan nh&agrave; nước kh&ocirc;ng thể phản hồi kịp thắc mắc của người d&acirc;n về vấn đề quy hoạch.</p>\n\n<p><strong>4. Sử dụng c&ocirc;ng cụ tra cứu trực tuyến</strong></p>\n\n<p>Hiện nay, ở một số quận tại c&aacute;c th&agrave;nh phố lớn c&oacute; hỗ trợ tra cứu th&ocirc;ng tin quy hoạch đất đai online tr&ecirc;n mạng hoặc qua c&aacute;c ứng dụng điện thoại, gi&uacute;p tiết kiệm thời gian cho người d&acirc;n. V&iacute; dụ, khi muốn tra cứu th&ocirc;ng tin quy hoạch ở quận Thủ Đức TP.HCM, bạn c&oacute; thể truy cập v&agrave;o: ttqh-thuduc.tphcm.gov.vn/maps. Tuy nhi&ecirc;n, c&aacute;ch l&agrave;m n&agrave;y kh&ocirc;ng thể &aacute;p dụng trong mọi trường hợp, do c&ocirc;ng cụ trực tuyến chưa được ph&aacute;t triển rộng r&atilde;i ở nhiều địa phương.</p>\n\n<p>Nh&igrave;n chung, việc c&oacute; n&ecirc;n mua đất trong quy hoạch kh&ocirc;ng c&ograve;n t&ugrave;y thuộc v&agrave;o mục đ&iacute;ch v&agrave; điều kiện của mỗi người. Nếu bạn x&aacute;c định mua đất l&agrave; để sinh sống ổn định l&acirc;u d&agrave;i m&agrave; thấy đất đ&oacute; nằm trong quy hoạch l&agrave;m đường giao th&ocirc;ng, hay những loại quy hoạch kh&aacute;c kh&ocirc;ng được x&acirc;y dựng nh&agrave; ở th&igrave; kh&ocirc;ng n&ecirc;n mua v&igrave; sẽ bị thu hồi trong qu&aacute; tr&igrave;nh sử dụng.</p>\n\n<table align=\"center\" cellpadding=\"4\" cellspacing=\"4\">\n	<tbody>\n		<tr>\n			<td>\n			<p>Theo khoản 2, khoản 3 Điều 3 Luật đất đai 2013, quy hoạch sử dụng đất l&agrave; việc l&ecirc;n kế hoạch sử dụng đất cho từng địa phương theo từng mục đ&iacute;ch cụ thể trong mỗi giai đoạn kh&aacute;c nhau. Như vậy, đất quy hoạch l&agrave; đất nằm trong kế hoạch sử dụng của Nh&agrave; nước tại v&ugrave;ng đ&oacute;, nhằm phục vụ c&aacute;c mục đ&iacute;ch như ph&aacute;t triển kinh tế, x&atilde; hội, an ninh, quốc ph&ograve;ng, bảo vệ m&ocirc;i trường&hellip; Kh&ocirc;ng &iacute;t người chỉ v&igrave; ham rẻ mua đất m&agrave; kh&ocirc;ng t&igrave;m hiểu kỹ, đến khi muốn x&acirc;y dựng mới vỡ lẽ đất của m&igrave;nh nằm trong quy hoạch n&ecirc;n chỉ được cấp ph&eacute;p x&acirc;y tạm v&agrave; buộc phải th&aacute;o dỡ khi nh&agrave; nước cần giải ph&oacute;ng mặt bằng.&nbsp;</p>\n\n			<p>Trường hợp mua đất vướng quy hoạch nhưng chưa c&oacute; quyết định thu hồi th&igrave; người mua chưa bị hạn chế quyền chuyển nhượng nh&agrave; đất, miễn l&agrave; việc chuyển nhượng đ&oacute; được thực hiện theo tr&igrave;nh tự, thủ tục luật định.&nbsp;</p>\n\n			<p>Trường hợp mua đất thuộc diện quy hoạch đ&atilde; c&oacute; quyết định thu hồi, th&igrave; kh&ocirc;ng được ph&eacute;p chuyển nhượng nh&agrave; v&agrave; đất. Nếu người mua vẫn cố t&igrave;nh b&aacute;n, che giấu hoặc l&agrave;m sai lệch th&ocirc;ng tin nh&agrave; đất th&igrave; giao dịch đ&oacute; sẽ bị t&ograve;a &aacute;n tuy&ecirc;n v&ocirc; hiệu.</p>\n			</td>\n		</tr>\n	</tbody>\n</table>\n</body>\n</html>\n','4 cách nhận biết đất có dính quy hoạch hay không',6,'Danh Thanh'),(373,'2020-11-01 00:00:00','<html>\n<head>\n	<title></title>\n</head>\n<body>\n<h5>Căn hộ 2 ph&ograve;ng ngủ tại TP.HCM được cho l&agrave; &quot;vừa t&uacute;i tiền&quot; hiện cũng c&oacute; gi&aacute; tr&ecirc;n dưới 2 tỷ đồng. Trong khi nguồn cung ph&acirc;n kh&uacute;c b&igrave;nh d&acirc;n sụt giảm mạnh, giấc mơ sở hữu nh&agrave; của những cặp vợ chồng c&oacute; 1 con, thu nhập mỗi th&aacute;ng khoảng 20 triệu đồng ng&agrave;y c&agrave;ng xa vời.</h5>\n\n<h5>Theo b&aacute;o c&aacute;o, t&iacute;nh tr&ecirc;n cả nước, diện t&iacute;ch s&agrave;n x&acirc;y dựng ho&agrave;n th&agrave;nh trong năm 2017 l&agrave; tr&ecirc;n 9 triệu m2 sau đ&oacute; giảm xuống c&ograve;n khoảng 6 triệu m2 v&agrave;o năm 2018 v&agrave; đến năm 2019 chỉ c&ograve;n khoảng 3 triệu m2. Số căn đủ điều kiện mở b&aacute;n trong năm 2019 cũng giảm xuống c&ograve;n khoảng 40.000 căn trong khi con số n&agrave;y trong năm 2017 l&agrave; 80.000 căn.</h5>\n\n<p>B&agrave; Trang B&ugrave;i, Gi&aacute;m đốc bộ phận thị trường JLL Việt Nam cho biết, t&iacute;nh ri&ecirc;ng 3 th&aacute;ng cuối năm tại TP.HCM, thị trường chỉ c&oacute; th&ecirc;m khoảng 3.600 căn hộ v&agrave; chưa đến 150 căn nh&agrave; liền thổ. Đ&acirc;y l&agrave; con số ch&agrave;o b&aacute;n thấp kỷ lục trong 5 năm trở lại đ&acirc;y.</p>\n\n<p><img alt=\"Hai vợ chồng và con đứng quay lưng nhìn về phía ngôi nhà\" src=\"https://file4.batdongsan.com.vn/2020/01/09/zk7ggeWN/20200109082902-da14.jpg\" title=\"Nguồn cung phân khúc nhà ở bình dân sụt giảm mạnh nhất trong năm 2019\" /><br />\n<em>Năm 2019, nguồn cung ph&acirc;n kh&uacute;c nh&agrave; ở b&igrave;nh d&acirc;n sụt giảm mạnh nhất khiến nhiều gia đ&igrave;nh<br />\ngặp kh&oacute; khăn trong việc mua nh&agrave;</em></p>\n\n<p>Đ&aacute;ng ch&uacute; &yacute;, đối với ph&acirc;n kh&uacute;c nh&agrave; gi&aacute; rẻ - ph&acirc;n kh&uacute;c được quan t&acirc;m nhiều nhất tr&ecirc;n thị trường, &ocirc;ng Nguyễn Quốc Anh, Ph&oacute; Tổng gi&aacute;m đốc Batdongsan.com.vn, đ&acirc;y l&agrave; ph&acirc;n kh&uacute;c c&oacute; sự sụt giảm mạnh nhất. B&aacute;o c&aacute;o của Batdongsan.com.vn cho thấy, ở H&agrave; Nội, ph&acirc;n kh&uacute;c b&igrave;nh d&acirc;n trong năm 2019 chỉ chiếm 30%, c&ograve;n TP.HCM gần như kh&ocirc;ng c&oacute;.</p>\n\n<p>Nhiều dự b&aacute;o cũng cho rằng kịch bản khan hiếm nguồn cung sẽ tiếp diễn trong năm 2020. &Ocirc;ng H&agrave; Quang Hưng, Ph&oacute; Cục trưởng, Cục Quản l&yacute; nh&agrave; v&agrave; thị trường bất động sản (Bộ X&acirc;y dựng) cho rằng, đối với thị trường H&agrave; Nội, nguồn cung nh&agrave; ở sẽ kh&aacute; ổn định v&agrave; nguồn cung mới sẽ chủ yếu tập trung ở ph&acirc;n kh&uacute;c trung cấp. Trong khi đ&oacute; tại TP.HCM, nguồn cung sẽ sụt giảm do sự giảm s&uacute;t dự &aacute;n mới, nhất l&agrave; ph&acirc;n kh&uacute;c nh&agrave; gi&aacute; thấp.</p>\n\n<p>Nguồn cung giảm đ&atilde; tăng th&ecirc;m g&aacute;nh nặng cho người mua nh&agrave; khi thu hẹp sự lựa chọn của họ. Đặc biệt l&agrave; khi mới đ&acirc;y, nhiều địa phương tr&ecirc;n cả nước đ&atilde; bắt đầu x&acirc;y dựng bảng gi&aacute; đất mới giai đoạn 2020-2024 với mức tăng đến 70% so với năm 2019. Ch&iacute;nh phủ đ&atilde; ban h&agrave;nh khung gi&aacute; đất mới cao hơn 20% so với khung gi&aacute; đất cũ. Gi&aacute; đất tăng sẽ l&agrave;m chi ph&iacute; đầu v&agrave;o tăng l&ecirc;n, khiến c&aacute;c doanh nghiệp đầu tư mới kh&oacute; tham gia v&agrave;o thị trường. Đặc biệt, c&aacute;c dự &aacute;n b&igrave;nh d&acirc;n sẽ c&agrave;ng th&ecirc;m vắng b&oacute;ng. Tuy nhi&ecirc;n, trước động th&aacute;i quản l&yacute; chặt chẽ, số lượng dự &aacute;n c&oacute; ph&aacute;p l&yacute; ho&agrave;n thiện v&agrave; chất lượng tốt sẽ ng&agrave;y c&agrave;ng tăng l&ecirc;n.</p>\n\n<p>Nếu như 5 năm trước, H&agrave; Nội vẫn c&oacute; những dự &aacute;n thương mại gi&aacute; 13-15 triệu/m2 th&igrave; gần đ&acirc;y, rất &iacute;t dự &aacute;n c&oacute; mức gi&aacute; n&agrave;y, chỉ c&oacute; một v&agrave;i dự &aacute;n nh&agrave; ở x&atilde; hội. Những dự &aacute;n được quảng c&aacute;o l&agrave; nh&agrave; gi&aacute; rẻ hiện nay cũng c&oacute; mức gi&aacute; trong khoảng 17-20 triệu/m2.</p>\n\n<p>Theo khảo s&aacute;t của Batdongsan.com.vn, số lượng dự &aacute;n c&oacute; gi&aacute; tr&ecirc;n dưới 20 triệu đồng/m2 tại H&agrave; Nội kh&ocirc;ng c&oacute; nhiều. Tại khu vực ph&iacute;a T&acirc;y - khu vực s&ocirc;i động tr&ecirc;n bản đồ địa ốc Thủ đ&ocirc;, lượng dự &aacute;n c&oacute; gi&aacute; tr&ecirc;n dưới 20 triệu/m2 chỉ đếm tr&ecirc;n đầu ng&oacute;n tay v&agrave; gần như kh&ocirc;ng c&oacute; tại quận Thanh Xu&acirc;n v&agrave; quận Cầu Giấy. Phần lớn c&aacute;c dự &aacute;n chung cư mới giới thiệu tại đ&acirc;y đều c&oacute; gi&aacute; b&aacute;n tr&ecirc;n 27 triệu đồng/m2. Những người c&oacute; thu nhập trung b&igrave;nh muốn mua chung cư khoảng tr&ecirc;n dưới 20 triệu/m2 sẽ phải chấp nhận di chuyển ra những khu vực gi&aacute;p ranh như T&acirc;y Mỗ, Đại Mỗ, Gia L&acirc;m, Đ&ocirc;ng Anh...</p>\n\n<p>Đưa ra t&iacute;nh to&aacute;n về khả năng mua nh&agrave; dựa tr&ecirc;n thu nhập, Chủ tịch Hiệp hội bất động sản TP.HCM cho rằng: &ldquo;Hiện nay căn hộ nh&agrave; ở thương mại 2 ph&ograve;ng ngủ c&oacute; gi&aacute; vừa t&uacute;i tiền khoảng tr&ecirc;n dưới 2 tỷ đồng. Với cặp vợ chồng (c&oacute; 1 con) c&oacute; tiền lương khoảng 20 triệu đồng/th&aacute;ng, tằn tiện lắm chỉ c&oacute; thể tiết kiệm được khoảng 5-6 triệu đồng/th&aacute;ng (tức 60-70 triệu đồng/năm), th&igrave; giấc mơ tạo lập nh&agrave; ở c&agrave;ng xa vời, nếu kh&ocirc;ng được hỗ trợ ưu đ&atilde;i t&iacute;n dụng nh&agrave; ở x&atilde; hội&rdquo;.</p>\n</body>\n</html>\n','Gia đình trẻ, thu nhập 20 triệu/tháng có dễ mua nhà?',6,'Danh Thanh'),(376,'2020-10-01 00:00:00','<html>\n<head>\n	<title></title>\n</head>\n<body>\n<h5>X&acirc;y nh&agrave; l&agrave; việc hệ trọng trong cuộc đời mỗi người v&igrave; cần chuẩn bị t&agrave;i ch&iacute;nh, tốn nhiều c&ocirc;ng sức, trong một khoảng thời gian d&agrave;i. Ch&iacute;nh v&igrave; thế, những ph&aacute;t sinh quanh việc x&acirc;y nh&agrave; cũng rất được quan t&acirc;m, trong đ&oacute; c&oacute; việc xem tuổi x&acirc;y nh&agrave;. Tuy nhi&ecirc;n, đ&acirc;y c&oacute; phải l&agrave; việc l&agrave;m cần thiết v&agrave; c&oacute; gi&aacute; trị thực tiễn hay kh&ocirc;ng?</h5>\n\n<p><strong>1. Chỉ xem tuổi đ&agrave;n &ocirc;ng khi x&acirc;y nh&agrave;</strong></p>\n\n<p><em>- Quan niệm d&acirc;n gian</em></p>\n\n<p>Quan niệm d&acirc;n gian cho rằng, người đ&agrave;n &ocirc;ng l&agrave; trụ cột ch&iacute;nh của gia đ&igrave;nh n&ecirc;n những việc lớn như x&acirc;y nh&agrave; phải do đ&agrave;n &ocirc;ng g&aacute;nh v&aacute;c, lo liệu. V&igrave; thế, c&aacute;c cụ xưa thường c&oacute; c&acirc;u &ldquo;lấy vợ xem tuổi đ&agrave;n b&agrave; l&agrave;m nh&agrave; xem tuổi đ&agrave;n &ocirc;ng&rdquo;.</p>\n\n<p><em>- G&oacute;c nh&igrave;n phong thủy khoa học</em></p>\n\n<p>Chuy&ecirc;n gia phong thủy Phạm Cương (KTS C&ocirc;ng ty Nh&agrave; Xu&acirc;n), cho biết theo thuyết &Acirc;m dương Ngũ h&agrave;nh th&igrave; &ldquo;&acirc;m thuận t&ograve;ng dương&rdquo;. Quy chiếu với thực thể l&agrave; con người trong một gia đ&igrave;nh, người vợ đại diện cho t&iacute;nh &acirc;m (mềm mại, nhu h&ograve;a&hellip;); người chồng đại diện cho t&iacute;nh dương (cứng rắn, quyết đo&aacute;n), &acirc;m thuận theo dương, tức vợ thuận theo chồng th&igrave; mọi thứ sẽ su&ocirc;n sẻ. Đ&acirc;y cũng l&agrave; cơ sở giải th&iacute;ch v&igrave; sao n&ecirc;n dựa v&agrave;o tuổi của chồng m&agrave; định c&aacute;t - hung.</p>\n\n<p>Thuyết &Acirc;m dương Ngũ h&agrave;nh cũng coi người đ&agrave;n &ocirc;ng trong nh&agrave; l&agrave; gốc rễ của c&acirc;y phả hệ, l&agrave; chủ thể đại diện, l&agrave; đầu t&agrave;u trong một gia đ&igrave;nh. Những th&agrave;nh vi&ecirc;n c&ograve;n lại, bao gồm cả người vợ đều nằm trong quan hệ phụ thuộc. Người chủ gia đ&igrave;nh c&oacute; tốt, c&oacute; thuận với gia đ&igrave;nh th&igrave; mới gi&uacute;p c&aacute;c th&agrave;nh vi&ecirc;n trong nh&agrave; tốt hơn được. Cũng giống như trong một c&ocirc;ng ty, người chủ c&oacute; t&agrave;i c&oacute; t&acirc;m th&igrave; mới gi&uacute;p c&ocirc;ng ty ph&aacute;t triển tốt&hellip;</p>\n\n<p><img alt=\"Bên ngoài một ngôi nhà kiểu biệt thự màu trắng mái đỏ, phía trước có sân vườn, xung quanh nhiều cây cối.\" src=\"https://file4.batdongsan.com.vn/2018/11/30/wxbwknn6/20181130102506-6030.jpg\" title=\"Xem tuổi xây nhà chỉ là một yếu tố nhỏ trong quá trình xây nhà.\" /><br />\n<em>Phong thủy nh&agrave; ở ng&agrave;y c&agrave;ng được quan t&acirc;m nhưng l&agrave; dưới g&oacute;c<br />\nnh&igrave;n khoa học, thực tiễn. Ảnh minh họa</em></p>\n\n<p><strong>2. Xem tuổi x&acirc;y nh&agrave;</strong></p>\n\n<p><em>- Quan niệm d&acirc;n gian</em></p>\n\n<p>Cha &ocirc;ng ta cho rằng, x&acirc;y nh&agrave; phải t&iacute;nh tuổi, nếu phạm v&agrave;o c&aacute;c hạn tam tai, kim l&acirc;u, hoang ốc th&igrave; kh&ocirc;ng n&ecirc;n x&acirc;y dựng nh&agrave; cửa v&igrave; sẽ gặp chuyện kh&ocirc;ng may như kh&oacute; ho&agrave;n th&agrave;nh ng&ocirc;i nh&agrave;, người trong nh&agrave; bị ốm đau, bệnh tật, l&agrave;m ăn kh&oacute; ph&aacute;t đạt&hellip;</p>\n\n<p><em>- G&oacute;c nh&igrave;n phong thủy khoa học</em></p>\n\n<p>Trong phong thủy, c&aacute;c yếu tố c&oacute; ảnh hưởng đến cuộc sống con người xếp theo thứ tự Thi&ecirc;n - Địa - Nh&acirc;n. Tương ứng với việc x&acirc;y nh&agrave;, yếu tố cần xem x&eacute;t trước l&agrave; thi&ecirc;n thời, địa lợi, rồi sau đ&oacute; mới chiếu đến tuổi t&aacute;c của gia chủ v&agrave; chỉ l&agrave; một phần nhỏ, kh&ocirc;ng g&acirc;y t&aacute;c động lớn. D&ugrave; chủ nh&agrave; c&oacute; tuổi đẹp v&agrave; hợp đến mấy m&agrave; chưa c&oacute; sẵn c&aacute;c yếu tố thi&ecirc;n thời, địa lợi như t&agrave;i ch&iacute;nh, đất đai x&acirc;y dựng&hellip; th&igrave; cũng kh&ocirc;ng thể x&acirc;y được nh&agrave;. C&ograve;n nếu đ&atilde; c&oacute; đủ tiền bạc, đất đai thuận lợi, thủ tục h&agrave;nh ch&iacute;nh xong xu&ocirc;i&hellip; th&igrave; tuổi n&agrave;o cũng x&acirc;y được nh&agrave;.</p>\n\n<p>Theo chuy&ecirc;n gia phong thủy Tam Nguy&ecirc;n, l&agrave;m nh&agrave; chỉ dựa v&agrave;o xem tuổi l&agrave; một sai lầm v&igrave; chỉ quyết định một phần rất nhỏ trong qu&aacute; tr&igrave;nh x&acirc;y dựng cả ng&ocirc;i nh&agrave;. Điều quan trọng nhất trong qu&aacute; tr&igrave;nh x&acirc;y nh&agrave; l&agrave; x&aacute;c định được tọa hướng như thế n&agrave;o. Sau khi biết được tọa hướng, độ số của ng&ocirc;i nh&agrave; sẽ lấy đ&oacute; l&agrave;m căn cứ để biết mảnh đất đ&oacute; trong năm c&oacute; &ldquo;vượng&rdquo; để l&agrave;m nh&agrave; hay kh&ocirc;ng. Nếu đất vượng th&igrave; c&oacute; thể khởi c&ocirc;ng x&acirc;y dựng, v&agrave; sau đ&oacute; mới x&eacute;t đến tuổi của chủ nh&agrave;, nhưng l&agrave; &ldquo;tuổi c&oacute; n&ecirc;n động thổ hay kh&ocirc;ng&rdquo;, chứ kh&ocirc;ng cần xem x&eacute;t tuổi đ&oacute; c&oacute; n&ecirc;n l&agrave;m nh&agrave; hay kh&ocirc;ng.</p>\n\n<p>&ldquo;Tuổi n&agrave;o cũng l&agrave;m được nh&agrave;, kh&ocirc;ng c&oacute; tuổi c&oacute; n&ecirc;n l&agrave;m nh&agrave; hay kh&ocirc;ng m&agrave; chỉ c&oacute; đất n&agrave;y, hướng n&agrave;y c&oacute; n&ecirc;n l&agrave;m nh&agrave; v&agrave;o thời điểm đ&oacute; hay kh&ocirc;ng&rdquo;, chuy&ecirc;n gia phong thủy Tam Nguy&ecirc;n chia sẻ.</p>\n\n<p><img alt=\"Hình vẽ 5 người đàn ông đang đứng trao đổi về việc xây nhà.\" src=\"https://file4.batdongsan.com.vn/2020/01/03/wxbwknn6/20200103160259-12e6.jpg\" title=\"Việc mượn tuổi chỉ mang yếu tố tinh thần không có cơ sở khoa học.\" /><br />\n<em>Việc mượn tuổi l&agrave;m nh&agrave; chỉ mang &yacute; nghĩa về mặt t&acirc;m l&yacute; hơn l&agrave; thực tiễn. Ảnh minh họa</em></p>\n\n<p><strong>3. Mượn tuổi x&acirc;y nh&agrave;</strong></p>\n\n<p><em>- Quan niệm d&acirc;n gian</em></p>\n\n<p>Nếu tuổi của chủ nh&agrave; phạm phải c&aacute;c hạn tam tai, kim l&acirc;u, hoang ốc th&igrave; kh&ocirc;ng n&ecirc;n x&acirc;y dựng, động thổ v&igrave; sẽ gặp tai ương, bất trắc. Nếu chủ nh&agrave; vẫn muốn x&acirc;y dựng th&igrave; phải mượn tuổi của người th&iacute;ch hợp. N&ecirc;n chọn người &ldquo;b&aacute;ch ni&ecirc;n giai l&atilde;o&rdquo;, con đ&agrave;n ch&aacute;u đống sẽ mang lại may mắn, phước lộc cho gia chủ.</p>\n\n<p><em>- G&oacute;c nh&igrave;n phong thủy khoa học</em></p>\n\n<p>Theo KTS, chuy&ecirc;n gia phong thủy Phạm Cương, việc mượn tuổi x&acirc;y nh&agrave; chỉ mang t&iacute;nh thủ tục, ho&agrave;n to&agrave;n kh&ocirc;ng cần thiết. Việc nhờ người th&acirc;n, bạn b&egrave;, h&agrave;ng x&oacute;m, họ h&agrave;ng đứng t&ecirc;n trong sổ đỏ, giấy tờ kh&ocirc;ng c&oacute; gi&aacute; trị, chưa kể c&oacute; thể ph&aacute;t sinh rắc rối. Bởi lẽ, phong thủy của một ng&ocirc;i nh&agrave; ho&agrave;n to&agrave;n nằm ngo&agrave;i c&aacute;c loại giấy tờ, thủ tục h&agrave;nh ch&iacute;nh. Theo ph&aacute;i b&aacute;t trạch th&igrave; phạm vi t&aacute;c động của phong thủy ng&ocirc;i nh&agrave; chỉ gồm c&aacute;c th&agrave;nh vi&ecirc;n sinh sống trực tiếp, l&acirc;u d&agrave;i trong đ&oacute;. V&igrave; vậy, việc mượn tuổi x&acirc;y nh&agrave; theo kiểu &ldquo;thay t&ecirc;n, đổi chủ&rdquo; kh&ocirc;ng thể h&oacute;a giải c&aacute;c bất lợi, thậm ch&iacute; tốn k&eacute;m thời gian, tiền bạc m&agrave; ho&agrave;n to&agrave;n v&ocirc; nghĩa.</p>\n\n<p>Chuy&ecirc;n gia phong thủy Tam Nguy&ecirc;n cũng cho rằng, kh&ocirc;ng cần mượn tuổi x&acirc;y nh&agrave; v&igrave; tuổi n&agrave;o cũng l&agrave;m được nh&agrave;, nếu đ&atilde; chọn được đất vượng v&agrave; đảm bảo c&aacute;c điều kiện kinh tế, thủ tục h&agrave;nh ch&iacute;nh... Trường hợp tuổi chủ nh&agrave; kh&ocirc;ng th&iacute;ch hợp động thổ th&igrave; c&oacute; thể nhờ người c&oacute; vận kh&iacute; tốt động thổ thay trạch chủ. Tuy nhi&ecirc;n, n&ecirc;n chọn người trung ni&ecirc;n khỏe mạnh, vận kh&iacute; tốt, v&igrave; người gi&agrave; &ldquo;kh&iacute;&rdquo; đ&atilde; suy kiệt. Đặc biệt, kh&ocirc;ng cần nhờ người sang t&ecirc;n giấy tờ, l&agrave;m thủ tục cất n&oacute;c, g&aacute;c đ&ograve;n d&ocirc;ng&hellip; v&igrave; kh&ocirc;ng c&oacute; t&aacute;c dụng.</p>\n\n<p>Như vậy, x&eacute;t dưới g&oacute;c độ phong thủy, khi x&acirc;y nh&agrave;, điều quan trọng l&agrave; xem tọa hướng ng&ocirc;i nh&agrave; v&agrave; x&aacute;c định &ldquo;vận&rdquo; đất c&oacute; ph&ugrave; hợp để x&acirc;y dựng kh&ocirc;ng, c&ograve;n tuổi n&agrave;o cũng c&oacute; thể x&acirc;y nh&agrave;. C&oacute; thể mượn người c&oacute; vận kh&iacute; tốt động thổ thay cho gia chủ v&agrave; n&ecirc;n bỏ qua c&aacute;c thủ tục như mượn tuổi x&acirc;y nh&agrave;, cất n&oacute;c, g&aacute;c đ&ograve;n d&ocirc;ng&hellip; Một số chủ nh&agrave; kỹ t&iacute;nh c&oacute; thể thực hiện c&aacute;c thủ tục n&agrave;y v&igrave; cũng kh&ocirc;ng g&acirc;y t&aacute;c hại g&igrave;, nhưng thực tế chỉ giải quyết được vấn đề về mặt t&acirc;m l&yacute; chứ kh&ocirc;ng c&oacute; t&aacute;c dụng h&oacute;a giải như d&acirc;n gian tương truyền.</p>\n\n<p><strong>Ngọc Sương&nbsp;</strong><em>(TH)</em></p>\n</body>\n</html>\n','Xem tuổi xây nhà dưới góc nhìn phong thủy khoa học',4,'Danh Thanh'),(377,'2020-10-01 00:00:00','<html>\n<head>\n	<title></title>\n</head>\n<body>\n<h5>X&acirc;y nh&agrave; l&agrave; việc hệ trọng cả đời, do đ&oacute; ngo&agrave;i chuẩn bị kỹ lưỡng về kế hoạch, t&agrave;i ch&iacute;nh, xưa nay người Việt vẫn chọn năm l&agrave;m nh&agrave; xem c&oacute; ph&ugrave; hợp với tuổi gia chủ hay kh&ocirc;ng? Vậy trong năm 2020 những tuổi n&agrave;o c&oacute; thể l&agrave;m nh&agrave;?</h5>\n\n<p>D&acirc;n gian c&oacute; c&acirc;u &ldquo;lấy vợ theo tuổi đ&agrave;n b&agrave;, l&agrave;m nh&agrave; theo tuổi đ&agrave;n &ocirc;ng&rdquo;, nghĩa l&agrave; khi x&acirc;y nh&agrave; sẽ t&iacute;nh theo tuổi của người chồng, người trụ cột trong gia đ&igrave;nh. Quan điểm n&agrave;y cũng ph&ugrave; hợp với triết l&yacute; &acirc;m dương ngũ h&agrave;nh (&acirc;m thuận t&ograve;ng dương).</p>\n\n<p>Sau khi x&aacute;c định người trụ cột ch&iacute;nh trong nh&agrave;, cần xem tuổi của người n&agrave;y c&oacute; phạm v&agrave;o 3 hạn Kim L&acirc;u, Hoang Ốc v&agrave; Tam Tai hay kh&ocirc;ng. Trong đ&oacute;, nếu phạm Tam Tai th&igrave; vẫn c&oacute; thể tiến h&agrave;nh l&agrave;m nh&agrave; được nhưng nếu phạm Kim L&acirc;u hoặc Hoang Ốc th&igrave; gia chủ n&ecirc;n mượn tuổi để l&agrave;m nh&agrave;.</p>\n\n<p><img alt=\"Ảnh ngược sáng, nền tối nổi bật số 2020, cần cẩu và bóng một số người đang xây dựng mafud đen.\" src=\"https://file4.batdongsan.com.vn/2019/12/20/wxbwknn6/20191220110921-54c0.jpg\" title=\"Xem tuổi làm nhà năm 2020 cần tránh các hạn Kim Lâu, Hoang Ốc, Tam Tai.\" /><br />\n<em>Tuổi x&acirc;y nh&agrave; tốt cần tr&aacute;nh c&aacute;c hạn Kim L&acirc;u, Hoang Ốc v&agrave; Tam Tai.</em></p>\n\n<h2>C&aacute;ch t&iacute;nh tuổi phạm Kim L&acirc;u, Hoang Ốc v&agrave; Tam Tai</h2>\n\n<p><em>- T&iacute;nh tuổi phạm Kim L&acirc;u</em></p>\n\n<p>D&acirc;n gian t&iacute;nh tuổi Kim L&acirc;u theo c&acirc;u quyết &ldquo;Một, Ba, S&aacute;u, T&aacute;m Kim L&acirc;u/L&agrave;m nh&agrave;, cưới vợ, tậu tr&acirc;u th&igrave; đừng&rdquo;. Nghĩa l&agrave;, tuổi phạm hạn Kim L&acirc;u rơi v&agrave;o c&aacute;c con số 1, 3, 6, 8. Đ&acirc;y l&agrave; c&aacute;c số dư khi lấy số tuổi &Acirc;m lịch của người chủ nh&agrave; chia cho 9. C&aacute;c số dư n&agrave;y lại ứng với từng hạn Kim L&acirc;u cụ thể:</p>\n\n<ul>\n	<li>Số dư 1 l&agrave; Kim L&acirc;u Th&acirc;n (ảnh hưởng trực tiếp đến chủ nh&agrave;)</li>\n	<li>Số dư 3 l&agrave; Kim L&acirc;u Th&ecirc; (ảnh hưởng đến vợ chủ nh&agrave;)</li>\n	<li>Số dư 6 l&agrave; Kim L&acirc;u Tử (ảnh hưởng đến con chủ nh&agrave;)</li>\n	<li>Số dư 8 l&agrave; Kim L&acirc;u Lục S&uacute;c (ảnh hưởng đến s&uacute;c vật nu&ocirc;i trong nh&agrave;)&nbsp;</li>\n</ul>\n\n<p>V&iacute; dụ: Năm sinh 1984, &Acirc;m lịch năm 2020 l&agrave; 37 tuổi: 37 : 9 = 4 dư 1 (phạm Kim L&acirc;u Th&acirc;n).</p>\n\n<p>&nbsp; &nbsp; &nbsp; &nbsp; &nbsp; Năm sinh 1983, &Acirc;m lịch năm 2020 l&agrave; 38 tuổi: 38 : 9 = 4 dư 2 (kh&ocirc;ng phạm Kim L&acirc;u)</p>\n\n<p>Trong c&aacute;c hạn tr&ecirc;n th&igrave; Kim L&acirc;u Lục S&uacute;c l&agrave; hạn nhẹ, nếu trong nh&agrave; kh&ocirc;ng chăn nu&ocirc;i hoặc chơi th&uacute; cảnh th&igrave; gia chủ vẫn động thổ được m&agrave; kh&ocirc;ng cần mượn tuổi.</p>\n\n<p>Theo c&aacute;ch t&iacute;nh tr&ecirc;n, trong năm 2020, những tuổi sau sẽ phạm hạn Kim L&acirc;u (tuổi &acirc;m lịch): 12, 15, 17, 19, 21, 24, 26, 28, 30, 33, 35, 37, 39, 42, 44, 46, 48, 51, 53, 55, 57, 60, 62, 64, 66, 69, 71, 73, 75.</p>\n\n<p><em>- T&iacute;nh tuổi phạm Hoang Ốc</em></p>\n\n<p>Đ&acirc;y l&agrave; hạn kh&aacute; quan trọng nhưng hay bị bỏ qua. Nếu phạm hạn n&agrave;y th&igrave; ng&ocirc;i nh&agrave; x&acirc;y n&ecirc;n dễ hoang vắng, hiu quạnh hoặc gia chủ c&oacute; thể gặp một số điều kh&ocirc;ng may mắn.</p>\n\n<p>Năm 2020, những tuổi sau sẽ phạm v&agrave;o hạn Hoang Ốc (tuổi &acirc;m lịch): 12, 14, 15, 18, 21, 23, 24, 27, 29, 30, 32, 33, 36, 38, 39, 41, 42 , 45, 47, 48, 50, 51, 54, 56, 57, 60, 63, 65, 66, 69, 72, 74, 75.</p>\n\n<p><em>- T&iacute;nh tuổi phạm Tam Tai</em></p>\n\n<p>Hạn Tam Tai thường khiến gia chủ gặp nhiều tai họa bất ngờ. Hạn n&agrave;y&nbsp;dựa v&agrave;o năm sinh theo 12 con Gi&aacute;p của chủ nh&agrave; để t&iacute;nh to&aacute;n. C&aacute;ch t&iacute;nh tuổi gặp hạn Tam tai như sau:</p>\n\n<p>+ Tuổi Th&acirc;n-T&iacute;-Th&igrave;n gặp hạn Tam tai v&agrave;o năm Dần-M&atilde;o-Th&igrave;n<br />\n+ Tuổi Dần-Ngọ-Tuất gặp hạn Tam tai v&agrave;o năm Th&acirc;n-Dậu-Tuất<br />\n+ Tuổi Tỵ-Dậu-Sửu gặp hạn Tam tai v&agrave;o năm Hợi-T&iacute;-Sửu<br />\n+ Tuổi Hợi-M&atilde;o-M&ugrave;i gặp hạn Tam tai v&agrave;o năm Tỵ-Ngọ-M&ugrave;i</p>\n\n<p>Như vậy năm 2020, những người tuổi Tỵ, Dậu, Sửu gặp hạn Tam Tai.</p>\n\n<h2>Những tuổi n&agrave;o tốt để l&agrave;m nh&agrave; năm 2020?</h2>\n\n<p>Dựa tr&ecirc;n c&aacute;ch t&iacute;nh tuổi phạm Kim L&acirc;u, Hoang Ốc, Tam Tai như tr&ecirc;n, những tuổi đẹp để l&agrave;m nh&agrave; năm 2020 sẽ gồm: 1951 T&acirc;n M&atilde;o, 1958 Mậu Tuất, 1963 Qu&yacute; M&atilde;o, 1965 Ất Tỵ, 1967 Đinh M&ugrave;i, 1969 Kỷ Dậu, 1972 Nh&acirc;m T&yacute;, 1976 B&iacute;nh Th&igrave;n, 1978 Mậu Ngọ, 1981 T&acirc;n Dậu, 1983 Qu&yacute; Hợi, 1985 Ất Sửu, 1987 Đinh M&atilde;o, 1992 Nh&acirc;m Th&acirc;n, 1994 Gi&aacute;p Tuất, 1996 B&iacute;nh T&yacute;, 1999 Kỷ M&atilde;o, 2001 T&acirc;n Tỵ.</p>\n</body>\n</html>\n','Những tuổi nào tốt để làm nhà năm Canh Tý 2020?',4,'Danh Thanh'),(378,'2020-10-01 00:00:00','<html>\n<head>\n	<title></title>\n</head>\n<body>\n<h5>Gi&aacute;ng sinh l&agrave; thời gian y&ecirc;u th&iacute;ch đối với nhiều người Việt, kể cả những người kh&ocirc;ng theo C&ocirc;ng gi&aacute;o. Nhiều gia đ&igrave;nh c&ograve;n trang tr&iacute; c&acirc;y th&ocirc;ng Noel để đ&oacute;n ch&agrave;o Gi&aacute;ng sinh v&agrave; năm mới giống như c&aacute;c nước phương T&acirc;y.</h5>\n\n<p>Trang tr&iacute; gi&aacute;ng sinh ngo&agrave;i việc tạo ra bầu kh&ocirc;ng kh&iacute; vui tươi, ấm c&uacute;ng c&ograve;n thể hiện sự s&aacute;ng tạo, gắn kết của tất cả c&aacute;c th&agrave;nh vi&ecirc;n gia đ&igrave;nh. Tham chiếu với văn h&oacute;a của c&aacute;c nước phương Đ&ocirc;ng, trang tr&iacute; gi&aacute;ng sinh cũng l&agrave; sự thay đổi về trường kh&iacute; trong nh&agrave;, nếu x&eacute;t theo kh&iacute;a cạnh phong thủy, đ&acirc;y cũng l&agrave; c&aacute;ch gi&uacute;p th&uacute;c đẩy luồng năng lượng may mắn cho ng&ocirc;i nh&agrave;.&nbsp;</p>\n\n<p><img alt=\"Cây thông Noel treo nhiều nơ đỏ, quả cầu, dưới là nhiều hộp quà đặt cạnh lò sưởi, một bên là ghế sofa.\" src=\"https://file4.batdongsan.com.vn/2019/12/12/wxbwknn6/20191212091117-b4d0.jpg\" title=\"Trang trí cây thông Noel tạo ra không khí ấm áp mùa Giáng sinh.\" /><br />\n<em>C&acirc;y th&ocirc;ng Noel mang lại kh&ocirc;ng kh&iacute; ấm &aacute;p, vui tươi cho ng&ocirc;i nh&agrave; v&agrave;o m&ugrave;a Gi&aacute;ng sinh.</em></p>\n\n<p>Tại c&aacute;c nước phương T&acirc;y, trong m&ugrave;a gi&aacute;ng sinh, người d&acirc;n thường chọn c&aacute;c loại c&acirc;y xanh quanh năm như c&acirc;y th&ocirc;ng, c&acirc;y b&aacute;ch l&agrave;m c&acirc;y Noel. Những loại c&acirc;y n&agrave;y c&oacute; thể xanh tốt v&agrave;o m&ugrave;a đ&ocirc;ng lạnh gi&aacute; n&ecirc;n tượng trưng cho sự vĩnh hằng, trường tồn của sinh mệnh.&nbsp;Tr&ecirc;n c&acirc;y trang tr&iacute; c&aacute;c m&oacute;n qu&agrave; Noel kh&aacute;c nhau như: đ&egrave;n nến, nơ đỏ, banh vải nhiều m&agrave;u, đồ chơi c&aacute;c loại&hellip; tượng trưng cho sự gi&agrave;u c&oacute; v&agrave; may mắn.&nbsp;</p>\n\n<p>X&eacute;t theo phong thủy, bản chất về ngũ h&agrave;nh của c&acirc;y th&ocirc;ng l&agrave; Mộc, ngo&agrave;i ra c&ograve;n mang h&agrave;nh Hỏa v&igrave; c&acirc;y c&oacute; h&igrave;nh d&aacute;ng nhọn, được trang tr&iacute; quả đỏ v&agrave; đ&egrave;n. Nh&igrave;n chung c&acirc;y th&ocirc;ng Noel&nbsp;thường được trang tr&iacute; với nhiều m&agrave;u sắc tươi s&aacute;ng v&agrave; đ&egrave;n nhấp nh&aacute;y n&ecirc;n mang năng lượng dương lớn.</p>\n\n<p><img alt=\"Bảng sao phi tinh là một ô vuông chia thành 9 ô vuông nhỏ màu đỏ và trắng xen kẽ trên đánh các số từ 1 đến 9.\" src=\"https://file4.batdongsan.com.vn/2019/12/12/wxbwknn6/20191212090607-1c60.jpg\" title=\"Bảng sao phi tinh tháng 12/2019.\" /><br />\n<em>Sơ đồ phi tinh th&aacute;ng 12/2019 (số lớn l&agrave; Phi tinh năm<br />\n2019, số nhỏ l&agrave; Phi tinh th&aacute;ng 12/2019)</em></p>\n\n<p>Việc sử dụng một vật c&oacute; ngũ h&agrave;nh Mộc, Hỏa v&agrave; năng lượng dương lớn như c&acirc;y th&ocirc;ng Noel đ&uacute;ng c&aacute;ch c&oacute; thể tạo n&ecirc;n những năng lượng tươi mới, t&iacute;ch cực cho gia đ&igrave;nh trong dịp năm mới. Vậy n&ecirc;n đặt c&acirc;y th&ocirc;ng Noel thế n&agrave;o để vừa c&oacute; vật trang tr&iacute; đẹp mắt, vừa đem lại nguồn năng lượng tốt cho ng&ocirc;i nh&agrave;? Điều n&agrave;y phụ thuộc v&agrave;o vị tr&iacute; đặt c&acirc;y theo&nbsp;sơ đồ phi tinh th&aacute;ng 12 năm 2019 như sau:</p>\n\n<p>- Ph&iacute;a Đ&ocirc;ng:&nbsp;Khu vực n&agrave;y th&aacute;ng 12 c&oacute; sao B&aacute;t bạch (8) chủ về ph&uacute; qu&yacute; bay đến, ngo&agrave;i ra năm nay ph&iacute;a Đ&ocirc;ng c&ograve;n c&oacute; sao Lục Bạch (6), cặp sao 6-8 kết hợp sẽ mang lại những lợi &iacute;ch lớn về t&agrave;i lộc, bất động sản.</p>\n\n<p>C&aacute;c vị tr&iacute; để đặt c&acirc;y th&ocirc;ng kh&aacute; tốt kh&aacute;c l&agrave; ph&iacute;a Bắc v&agrave; ph&iacute;a Đ&ocirc;ng Nam</p>\n\n<p>Ngo&agrave;i ra c&aacute;c bạn c&oacute; thể đặt ở c&aacute;c vị tr&iacute; kh&aacute;c của nh&agrave; tuy nhi&ecirc;n cần tr&aacute;nh đặt tại:&nbsp;</p>\n\n<p>- Ph&iacute;a Nam: Th&aacute;ng 12 sao Ngũ ho&agrave;ng đại s&aacute;t (5) đến phương n&agrave;y n&ecirc;n hạn chế k&iacute;ch hoạt năng lượng ở đ&acirc;y.</p>\n\n<p>- Trung cung: Trung cung vốn dĩ mang h&agrave;nh Thổ n&ecirc;n rất kỵ để c&acirc;y cối mang h&agrave;nh Mộc, v&igrave; Mộc khắc Thổ sẽ l&agrave;m ảnh hưởng đến sức khỏe những người trong gia đ&igrave;nh.</p>\n\n<p>Hy vọng mọi người sẽ c&oacute; một m&ugrave;a Gi&aacute;ng sinh an b&igrave;nh v&agrave; năm mới hạnh ph&uacute;c!</p>\n</body>\n</html>\n','Lưu ý phong thủy khi trang trí nhà mùa Giáng sinh và đón năm mới 2020',4,'Danh Thanh'),(379,'2020-10-01 00:00:00','<html>\n<head>\n	<title></title>\n</head>\n<body>\n<h5>Đối với thị trường TP.HCM, ph&acirc;n kh&uacute;c căn hộ vẫn sẽ l&agrave; t&acirc;m điểm quan t&acirc;m của nh&agrave; đầu tư trong năm 2020. Trong khi đ&oacute;, với c&aacute;c thị trường vệ tinh th&igrave; BĐS nghỉ dưỡng, nh&agrave; phố c&oacute; thể sẽ chiếm ưu thế hơn khi m&agrave; nhiều nh&agrave; đầu tư chưa hết bất an với loại h&igrave;nh đất nền.</h5>\n\n<p><strong>Nhiều lo lắng&nbsp;</strong></p>\n\n<p>Gi&aacute; nh&agrave; đất li&ecirc;n tục tăng cao khiến cơ hội tiếp cận BĐS kh&oacute; hơn, t&iacute;n dụng ng&acirc;n h&agrave;ng bị siết chặt, c&ugrave;ng với đ&oacute; l&agrave; vấn đề nguồn cung, sự minh bạch ph&aacute;p l&yacute;&hellip; l&agrave; c&aacute;c yếu tố được nhiều nh&agrave; đầu tư quan t&acirc;m trong năm 2020.</p>\n\n<p>&Ocirc;ng Nguyễn Tiến Dũng, một nh&agrave; đầu tư tại TP.HCM cho biết, năm 2020 &ocirc;ng vẫn sẽ tập trung v&agrave;o ph&acirc;n kh&uacute;c đất nền. Theo &ocirc;ng,&nbsp;đất nền vẫn l&agrave; ph&acirc;n kh&uacute;c c&oacute; lượng quan t&acirc;m cao, n&ecirc;n vấn đề của ph&acirc;n kh&uacute;c n&agrave;y nằm ở sự thiếu minh bạch về ph&aacute;p l&yacute;, t&igrave;nh trạng bu&ocirc;ng lỏng quản l&yacute; tại nhiều địa phương. Đ&acirc;y cũng l&agrave; l&yacute; do khiến đất nền trở th&agrave;nh ph&acirc;n kh&uacute;c rủi ro nhất. Sau c&aacute;c sự cố li&ecirc;n quan dự &aacute;n ảo, thị trường đất nền, nhất l&agrave; đất nền gi&aacute; rẻ v&ugrave;ng ven chao đảo. Tuy nhi&ecirc;n t&acirc;m l&yacute; chuộng đất của người d&acirc;n kh&ocirc;ng v&igrave; vậy m&agrave; giảm, chỉ l&agrave; họ sẽ thận trọng hơn trong lựa chọn sản phẩm đầu tư.</p>\n\n<p>&ldquo;Đất&nbsp; nền c&oacute; ưu thế đa dạng sản phẩm v&agrave; gi&aacute; b&aacute;n, thu h&uacute;t chủ yếu nh&agrave; đầu tư vốn mỏng, người lao động trung lưu hay tiểu thương kinh doanh nhỏ, thậm ch&iacute; l&agrave; giới văn ph&ograve;ng t&agrave;i ch&iacute;nh kh&ocirc;ng nhiều. Những đối tượng n&agrave;y &iacute;t c&oacute; hiểu biết ph&aacute;p l&yacute; s&acirc;u, kinh nghiệm thực tế kh&ocirc;ng nhiều nhưng d&ugrave; c&oacute; cảnh gi&aacute;c th&igrave; trước c&aacute;c chi&ecirc;u tr&ograve; chuy&ecirc;n nghiệp của c&aacute;c c&ocirc;ng ty lừa đảo, họ vẫn dễ sập bẫy. Vấn đề l&agrave; b&ecirc;n cạnh n&acirc;ng cao &yacute; thức cảnh gi&aacute;c, cơ quan chức năng cần c&oacute; hướng quản l&yacute; chặt hơn với thị trường n&agrave;y để c&aacute;c dự &aacute;n lừa đảo kh&ocirc;ng c&ograve;n lộng h&agrave;nh như hiện nay&rdquo;, &ocirc;ng Dũng chia sẻ.</p>\n\n<p>&Ocirc;ng Đỗ&nbsp;Văn Bằng, một nh&agrave; đầu tư gốc Bắc th&igrave; lo lắng về vấn đề gi&aacute; BĐS trong năm tới. Dự b&aacute;o gi&aacute; nh&agrave; đất tiếp tục tăng mạnh trong năm 2020 l&agrave; tin vui với những nh&agrave; đầu tư c&oacute; quỹ đất dự trữ, nhưng với những nh&agrave; đầu tư đến sau, t&agrave;i ch&iacute;nh hạn hẹp như &ocirc;ng Bằng, việc t&igrave;m kiếm sản phẩm đầu tư sẽ ng&agrave;y c&agrave;ng kh&oacute; khăn hơn. Trước đ&acirc;y&nbsp;với 1,5 tỷ nh&agrave; đầu tư c&oacute; kh&aacute; nhiều lựa chọn, từ đất nền, nh&agrave; phố cho đến căn hộ. Tuy nhi&ecirc;n, cũng với số tiền n&agrave;y, việc mua nh&agrave; phố tại TP.HCM, B&igrave;nh Dương hay Đồng Nai gần như bất khả thi, đất nền cũng chỉ c&oacute; thể t&igrave;m mua ở c&aacute;c khu vực v&ugrave;ng ven. Ngay cả với thị trường căn hộ, suất đầu tư cũng bị giới hạn do gi&aacute; căn hộ đ&atilde; tăng l&ecirc;n mức từ 2-3 tỷ đồng.</p>\n\n<p><img alt=\"Nhiều người đứng xem sa bàn một dự án bất động sản gồm nhiều tòa nhà cao tầng.\" src=\"https://file4.batdongsan.com.vn/2020/01/07/wxbwknn6/20200107105628-c61d.jpg\" title=\"Nguồn cung được khơi thông sẽ giúp thị trường 2020 khởi sắc hơn.\" /><br />\n<em>Nh&agrave; đầu tư kỳ vọng khơi th&ocirc;ng nguồn cung sẽ gi&uacute;p thị trường giảm thiểu<br />\nt&igrave;nh trạng tăng gi&aacute; ảo v&agrave; ảm đạm. Ảnh: Phương Uy&ecirc;n</em></p>\n\n<p>Theo t&igrave;m hiểu của ch&uacute;ng t&ocirc;i, ngo&agrave;i gi&aacute; b&aacute;n, việc siết t&iacute;n dụng v&agrave;o BĐS cũng l&agrave; vấn đề khiến nh&agrave; đầu tư lo lắng, nhất l&agrave; những người phải d&ugrave;ng đ&ograve;n bẩy t&agrave;i ch&iacute;nh. Thực tế, lượng nh&agrave; đầu tư dựa v&agrave;o vốn ng&acirc;n h&agrave;ng vẫn kh&aacute; lớn n&ecirc;n khi siết cho vay, chắc chắn họ sẽ phải c&acirc;n nhắc c&aacute;c ph&acirc;n kh&uacute;c v&agrave; sản phẩm đầu tư. Trong khi đ&oacute;, động th&aacute;i siết nguồn cung của TP.HCM lại kh&ocirc;ng đ&aacute;ng lo ngại với nhiều nh&agrave; đầu tư, bởi c&aacute;c thị trường tỉnh vẫn sẽ dồi d&agrave;o sản phẩm v&agrave; cơ hội vẫn c&ograve;n nhiều.</p>\n\n<p><strong>Sức mua hướng đến những thị trường sơ khai</strong></p>\n\n<p>D&ugrave; lo lắng nhưng giới đầu tư vẫn c&oacute; niềm tin v&agrave;o sự t&iacute;ch cực của thị trường BĐS trong năm 2020, nhất l&agrave; khi nhu cầu trong d&acirc;n vẫn lớn. Hơn nữa, trong bối cảnh khung gi&aacute; đất vừa điều chỉnh tăng, người mua sẽ kh&ocirc;ng c&oacute; t&acirc;m l&yacute; chờ đợi gi&aacute; giảm th&ecirc;m, m&agrave; lu&ocirc;n sẵn s&agrave;ng tham gia thị trường.</p>\n\n<p>Theo anh N.V. Độ, một nh&agrave; đầu tư tại B&igrave;nh Dương, vấn đề của thị trường năm 2019 l&agrave; yếu tố nguồn cung chứ kh&ocirc;ng đến từ sức mua. Nếu năm 2020 thị trường khơi th&ocirc;ng được nguồn cung, hiện tượng l&agrave;m gi&aacute; hiện nay sẽ được giải quyết, BĐS trở về gi&aacute; trị thật v&agrave; nhu cầu đầu tư lại tiếp tục gia tăng.&nbsp;</p>\n\n<p>&ldquo;Nhiều người h&agrave;o hứng với việc nguồn cung hạn chế gi&uacute;p gi&aacute; cả tăng mạnh, đầu tư dễ sinh lời, nhưng theo t&ocirc;i nếu t&igrave;nh trạng n&agrave;y k&eacute;o d&agrave;i, c&oacute; thể người mua thực sẽ quay lưng, thị trường ph&aacute;t sinh bong b&oacute;ng v&agrave; đổ vỡ. Nh&igrave;n v&agrave;o thị trường đất nền sẽ thấy, khủng hoảng niềm tin chủ yếu ảnh hưởng đến thị trường v&ugrave;ng ven, c&ograve;n vấn đề của đất nền TP.HCM l&agrave; do tăng gi&aacute; ảo, gi&aacute; b&aacute;n vượt nhu cầu thực của người mua&rdquo;, anh Độ chia sẻ.</p>\n\n<p>Một diễn biến đ&aacute;ng ch&uacute; trong năm nay theo c&aacute;c nh&agrave; đầu tư l&agrave; những thị trường truyền thống như B&igrave;nh Dương, Đồng Nai, Long An nơi tập trung nhiều dự &aacute;n mới lại kh&ocirc;ng được đ&aacute;nh gi&aacute; cao. Thay v&agrave;o đ&oacute;, những thị trường xa v&agrave; mới nổi như Tiền Giang, Bu&ocirc;n M&ecirc; Thuột hay L&acirc;m Đồng sẽ được ưa chuộng. Giới đầu tư c&oacute; xu hướng đổ về thị trường chưa được khai ph&aacute; nhiều, gi&agrave;u tiềm năng với mức gi&aacute; vừa phải hơn l&agrave; c&aacute;c thị trường &ldquo;n&oacute;ng&rdquo; đ&atilde; được khai th&aacute;c trong nhiều năm.&nbsp;</p>\n\n<p>&ldquo;Xu hướng sống xanh sẽ l&ecirc;n ng&ocirc;i, kh&ocirc;ng phải l&agrave; c&aacute;c dự &aacute;n xanh m&agrave; l&agrave; c&aacute;c thị trường xanh, nơi kh&iacute; hậu &ocirc;n h&ograve;a, kh&ocirc;ng kh&iacute; trong l&agrave;nh, kh&ocirc;ng &ocirc; nhiễm. Thực tế, ngay từ cuối năm 2019, l&agrave;n s&oacute;ng đầu tư ph&iacute;a Bắc đ&atilde; c&oacute; dấu hiệu manh nha t&igrave;m đến c&aacute;c thị trường n&agrave;y. 2020 sẽ l&agrave; năm giới đầu tư rời xa c&aacute;c thị trường truyền thống để khai ph&aacute; c&aacute;c v&ugrave;ng đất mới&rdquo;, chị P.T. Thủy, một nh&agrave; đầu tư TP.HCM nhận x&eacute;t.</p>\n</body>\n</html>\n','Nhà đầu tư trông đợi gì vào thị trường bất động sản 2020?',1,'Danh Thanh'),(381,'2020-12-01 00:00:00','<html>\n<head>\n	<title></title>\n</head>\n<body>\n<p><strong>Trang tr&iacute; nh&agrave; cho thu&ecirc; đ&ograve;i hỏi kh&ocirc;ng chỉ đẹp m&agrave; c&ograve;n phải c&oacute; chi ph&iacute; thấp v&igrave; thường người thu&ecirc; &iacute;t khi x&aacute;c định ở l&acirc;u d&agrave;i v&agrave; người cho thu&ecirc; cũng kh&ocirc;ng muốn bỏ nhiều tiền đầu tư.</strong></p>\n\n<p>Do đ&oacute;, việc cải tạo, trang tr&iacute; nh&agrave; cho thu&ecirc; ngo&agrave;i việc ch&uacute; &yacute; đến diện t&iacute;ch nh&agrave;/ph&ograve;ng, cấu tr&uacute;c (nh&agrave; c&oacute; mấy ph&ograve;ng, c&oacute; g&aacute;c hay kh&ocirc;ng&hellip;), cần phải t&iacute;nh to&aacute;n đến đồ d&ugrave;ng&nbsp;nội thất&nbsp;sao cho ph&ugrave; hợp về cả phong c&aacute;ch, k&iacute;ch thước v&agrave; chi ph&iacute;. Dưới đ&acirc;y l&agrave; những c&aacute;ch chọn v&agrave; trang tr&iacute; nh&agrave;/ph&ograve;ng cho thu&ecirc; đẹp, rẻ v&agrave; rất đơn giản, dễ thực hiện:</p>\n\n<h2><strong>C&aacute;ch sắp xếp nội thất</strong></h2>\n\n<p>Những nội thất thiết yếu v&agrave; vật dụng được sử dụng hằng ng&agrave;y như giường, b&agrave;n học/b&agrave;n l&agrave;m việc, đồ d&ugrave;ng nh&agrave; bếp, tủ lạnh, m&aacute;y giặt, đồ d&ugrave;ng vệ sinh c&aacute; nh&acirc;n, quần &aacute;o y&ecirc;u th&iacute;ch&hellip; n&ecirc;n bố tr&iacute; ở những nơi tiện lợi, dễ cất v&agrave; dễ lấy.</p>\n\n<p><em><img alt=\"\" src=\"https://propzy.vn/tin-tuc/wp-content/uploads/2019/09/Trang-tri-nha-cho-thue-1.jpg\" style=\"height:565px; width:1200px\" /></em></p>\n\n<p>Với những vật dụng, đồ d&ugrave;ng &iacute;t d&ugrave;ng, bạn n&ecirc;n xếp v&agrave;o tủ hoặc th&ugrave;ng carton, vừa gọn g&agrave;ng vừa tiết kiệm diện t&iacute;ch v&agrave; dễ t&igrave;m thấy khi cần. Với những nội thất đ&atilde; cũ hoặc kh&ocirc;ng sử dụng được, bạn n&ecirc;n bỏ đi thay v&igrave; nuối tiếc giữ lại để ch&uacute;ng chiếm kh&ocirc;ng gian.</p>\n\n<p><em><img alt=\"trang trí nhà cho thuê\" src=\"https://propzy.vn/tin-tuc/wp-content/uploads/2019/09/Trang-tri-nha-cho-thue-2.jpg\" style=\"height:1536px; width:1536px\" /></em></p>\n\n<p>Lưu &yacute;: N&ecirc;n ưu tiện lựa chọn đồ nội thất đơn giản, c&oacute; nhiều ngăn, tầng hoặc đa t&iacute;nh năng để tăng diện t&iacute;ch sử dụng v&agrave; tạo sự th&ocirc;ng tho&aacute;ng cho ph&ograve;ng. Những nội thất s&aacute;ng m&agrave;u cũng sẽ gi&uacute;p ph&ograve;ng trở n&ecirc;n tho&aacute;ng, rộng hơn về mặt thị gi&aacute;c.</p>\n\n<p><em><img alt=\"trang trí nhà cho thuê\" src=\"https://propzy.vn/tin-tuc/wp-content/uploads/2019/09/Trang-tri-nha-cho-thue-3.jpg\" style=\"height:788px; width:1024px\" /></em></p>\n\n<p>G&oacute;c l&agrave;m việc, ph&ograve;ng bếp c&oacute; thể sử dụng b&agrave;n xếp, b&agrave;n gấp treo tường hoặc c&aacute;c kệ nhỏ để đồ cho gọn g&agrave;ng.</p>\n\n<h2><strong>C&aacute;c gợi &yacute; vật dụng trang tr&iacute; nh&agrave; cho thu&ecirc;</strong></h2>\n\n<p>Tận dụng tốt c&aacute;c vật dụng trang tr&iacute; như giấy d&aacute;n tường, khung ảnh, tranh treo, b&igrave;nh hoa, r&egrave;m cửa&hellip; sẽ gi&uacute;p nh&agrave; sinh động, gi&agrave;u sức sống hơn m&agrave; kh&ocirc;ng tốn nhiều chi ph&iacute;, c&agrave;ng tiết kiệm nếu bạn tự tay l&agrave;m.</p>\n\n<p>Giấy d&aacute;n tường gi&uacute;p che đi những khoảng tường cũ xấu x&iacute; m&agrave; kh&ocirc;ng phải sơn sửa lại.</p>\n\n<p><em><img alt=\"\" src=\"https://propzy.vn/tin-tuc/wp-content/uploads/2019/09/Trang-tri-nha-cho-thue-4.jpg\" style=\"height:965px; width:965px\" /></em></p>\n\n<p>Những bức tranh đơn giản, gi&aacute; rẻ hoặc bức họa do ch&iacute;nh bạn s&aacute;ng tạo cũng sẽ gi&uacute;p &iacute;ch kh&ocirc;ng nhỏ cho việc trang tr&iacute; nh&agrave; cho thu&ecirc;.</p>\n\n<p><em><img alt=\"trang trí nhà cho thuê\" src=\"https://propzy.vn/tin-tuc/wp-content/uploads/2019/09/Trang-tri-nha-cho-thue-5.jpg\" style=\"height:722px; width:1082px\" />(Ảnh minh họa internet)</em></p>\n\n<p>R&egrave;m cửa vừa gi&uacute;p tạo kh&ocirc;ng gian ri&ecirc;ng tư vừa tạo điểm nhấn hoặc lấy s&aacute;ng, lấy gi&oacute; theo y&ecirc;u cầu.</p>\n\n<p style=\"text-align:center\"><em><img alt=\"\" src=\"https://propzy.vn/tin-tuc/wp-content/uploads/2019/09/Trang-tri-nha-cho-thue-6.jpg\" style=\"height:1512px; width:1200px\" /></em></p>\n\n<p>C&oacute; thể thấy, chỉ bằng những thay đổi nhỏ, căn hộ/ph&ograve;ng cho thu&ecirc; c&oacute; diện t&iacute;ch nhỏ cũng sẽ trở n&ecirc;n gọn g&agrave;ng, ấn tượng v&agrave; c&oacute; cảm gi&aacute;c rộng r&atilde;i hơn nhiều. Hi vọng với những c&aacute;ch trang tr&iacute; nh&agrave; cho thu&ecirc; m&agrave; ch&uacute;ng t&ocirc;i vừa gợi &yacute;, bạn sẽ l&agrave;m gi&uacute;p kh&ocirc;ng gian sống của m&igrave;nh đẹp hơn hoặc tạo ra kh&ocirc;ng gian đẹp để việc cho thu&ecirc; đạt hiệu quả cao hơn.</p>\n</body>\n</html>\n','Cách trang trí nhà cho thuê đẹp, rẻ và đơn giản ai cũng làm được',5,'Danh Thanh'),(382,'2020-12-01 00:00:00','<html>\n<head>\n	<title></title>\n</head>\n<body>\n<p style=\"text-align:justify\">Một ph&ograve;ng kh&aacute;ch tr&agrave;n ngập &aacute;nh s&aacute;ng kh&ocirc;ng chỉ gi&uacute;p giảm ti&ecirc;u thụ điện năng cho việc chiếu s&aacute;ng m&agrave; c&ograve;n gi&uacute;p c&aacute;c luồng kh&iacute; trong nh&agrave; lu&ocirc;n được l&agrave;m mới, tươi m&aacute;t, mang lại năng lượng cho cả ng&ocirc;i nh&agrave;. H&atilde;y c&ugrave;ng ch&uacute;ng t&ocirc;i&nbsp;tham khảo 9 c&aacute;ch b&agrave;y tr&iacute; sau đ&acirc;y để gi&uacute;p ph&ograve;ng kh&aacute;ch nh&agrave; bạn đ&oacute;n được nhiều &aacute;nh s&aacute;ng tự nhi&ecirc;n nhất nh&eacute;!</p>\n\n<p style=\"text-align:justify\"><strong>1. Bố tr&iacute; những mảng xanh cho căn ph&ograve;ng</strong></p>\n\n<p style=\"text-align:justify\">Những mảng c&acirc;y cối xanh được sắp xếp trong ph&ograve;ng kh&aacute;ch kh&ocirc;ng chỉ l&agrave;m đẹp m&agrave; c&ograve;n gi&uacute;p kh&ocirc;ng gian th&ecirc;m gần gũi với thi&ecirc;n nhi&ecirc;n. Điều n&agrave;y c&ograve;n c&oacute; t&aacute;c dụng điều tiết nguồn &aacute;nh s&aacute;ng Mặt Trời chiếu trực tiếp v&agrave;o ph&ograve;ng khi b&igrave;nh minh hoặc ho&agrave;ng h&ocirc;n. Bởi, những mảng xanh tạo hiệu ứng thị gi&aacute;c, gi&uacute;p căn ph&ograve;ng kh&ocirc;ng qu&aacute; ch&oacute;i do nguồn s&aacute;ng gay gắt.</p>\n\n<p style=\"text-align:justify\"><img alt=\"\" src=\"https://propzy.vn/tin-tuc/wp-content/uploads/2019/01/1d5e33f549525a83ec1bb7156e0c57ae.jpg\" style=\"height:900px; width:1200px\" /></p>\n\n<p style=\"text-align:justify\"><em>Những mảng xanh sẽ khiến ph&ograve;ng kh&aacute;ch của bạn tr&ocirc;ng s&aacute;ng hơn, bạn sẽ kh&ocirc;ng phải sử dụng qu&aacute; nhiều thiết bị chiếu s&aacute;ng nhờ đ&oacute; giảm điện năng ti&ecirc;u thụ.</em></p>\n\n<p style=\"text-align:justify\"><img alt=\"\" src=\"https://propzy.vn/tin-tuc/wp-content/uploads/2019/01/1666798e2ec975b85609c34644b92d3b.jpg\" style=\"height:1000px; width:1500px\" /></p>\n\n<p style=\"text-align:justify\"><em>Một chậu c&acirc;y đặt ở g&oacute;c cũng khiến căn ph&ograve;ng tr&ocirc;ng kh&aacute;c hẳn</em></p>\n\n<p style=\"text-align:justify\"><strong>2. Thiết kế ph&ograve;ng kh&aacute;ch theo phong c&aacute;ch tối giản</strong></p>\n\n<p style=\"text-align:justify\">Thiết kế tối giản kh&ocirc;ng chỉ gi&uacute;p ph&ograve;ng kh&aacute;ch đ&oacute;n được nhiều &aacute;nh s&aacute;ng tự nhi&ecirc;n hơn m&agrave; c&ograve;n gi&uacute;p căn ph&ograve;ng trở n&ecirc;n th&ocirc;ng tho&aacute;ng hơn. Với c&aacute;c thiết bị điện tử tại ph&ograve;ng kh&aacute;ch, bạn chỉ cần lắp đặt những m&oacute;n thực sự cần thiết, vừa giảm điện năng ti&ecirc;u thụ lại tr&aacute;nh những tia độc hại, ảnh hưởng đến sức khoẻ.</p>\n\n<p style=\"text-align:justify\"><img alt=\"\" src=\"https://propzy.vn/tin-tuc/wp-content/uploads/2019/01/c0425902e39fc912485916cfdf95b530.jpg\" style=\"height:746px; width:1119px\" /></p>\n\n<p style=\"text-align:justify\"><em>Thiết kế đơn giản, nhiều kh&ocirc;ng gian trống, v&ocirc; h&igrave;nh chung l&agrave;m ph&ograve;ng kh&aacute;ch nh&agrave; bạn c&oacute; nhiều &aacute;nh s&aacute;ng hơn.</em></p>\n\n<p style=\"text-align:justify\"><strong>3. Sử dụng cửa sổ trượt</strong></p>\n\n<p style=\"text-align:justify\">Cửa sổ trượt kh&ocirc;ng chỉ l&agrave; m&oacute;n&nbsp;<a href=\"https://propzy.vn/tin-tuc/kien-truc/\">nội thất</a>&nbsp;m&agrave; c&ograve;n l&agrave; giải ph&aacute;p d&agrave;nh cho những căn ph&ograve;ng kh&ocirc;ng c&oacute; qu&aacute; nhiều diện t&iacute;ch. Những chiếc cửa n&agrave;y gi&uacute;p căn ph&ograve;ng của bạn đ&oacute;n được nhiều &aacute;nh s&aacute;ng tự nhi&ecirc;n nhất v&agrave; cũng ph&ugrave; hợp với nhiều phong c&aacute;ch thiết kế kh&aacute;c nhau.</p>\n\n<p style=\"text-align:justify\"><img alt=\"\" src=\"https://propzy.vn/tin-tuc/wp-content/uploads/2019/01/b20feb604761604bb83051415588b9ac.jpg\" style=\"height:1015px; width:1600px\" /></p>\n\n<p style=\"text-align:justify\"><em>Cửa sổ trượt đem lại hiệu quả nhất định về &aacute;nh s&aacute;ng cho ph&ograve;ng kh&aacute;ch.</em></p>\n\n<p style=\"text-align:justify\"><strong>4. Sử dụng c&aacute;c cửa k&iacute;nh lớn</strong></p>\n\n<p style=\"text-align:justify\">K&iacute;nh l&agrave; một ứng dụng hiệu quả trong thiết kế nội thất gi&uacute;p căn ph&ograve;ng đ&oacute;n được nhiều &aacute;nh s&aacute;ng tự nhi&ecirc;n nhất. Thay v&igrave; sử dụng một bức tường gạch nh&agrave;m ch&aacute;n khiến căn ph&ograve;ng trở n&ecirc;n nặng nề, một cửa sổ k&iacute;nh lớn sẽ đem căn ph&ograve;ng gần với thi&ecirc;n nhi&ecirc;n hơn v&agrave; ph&ograve;ng kh&aacute;ch nh&agrave; bạn dường như sẽ rộng hơn.</p>\n\n<p style=\"text-align:justify\"><img alt=\"\" src=\"https://propzy.vn/tin-tuc/wp-content/uploads/2019/01/d531e05df52126c1652083f8b89c7673.jpg\" style=\"height:750px; width:1000px\" /></p>\n\n<p style=\"text-align:justify\"><em>Một c&aacute;ch gi&uacute;p giảm điện năng ti&ecirc;u thụ đ&aacute;ng kể cho ph&ograve;ng kh&aacute;ch ch&iacute;nh l&agrave; sử dụng v&aacute;ch k&iacute;nh để &aacute;nh s&aacute;ng xuy&ecirc;n thấu tốt hơn.</em></p>\n\n<p style=\"text-align:justify\"><strong>5. Sử dụng hợp l&yacute; những chiếc gương</strong></p>\n\n<p style=\"text-align:justify\">Với một căn ph&ograve;ng nhỏ, sử dụng những chiếc gương hợp l&yacute; sẽ gi&uacute;p nới rộng diện t&iacute;ch ra. Kh&ocirc;ng chỉ thế, bằng c&aacute;ch sắp xếp kh&eacute;o l&eacute;o những chiếc gương, ph&ograve;ng kh&aacute;ch nh&agrave; bạn c&ograve;n c&oacute; thể nh&acirc;n đ&ocirc;i &aacute;nh s&aacute;ng. B&iacute; quyết nằm ở nguy&ecirc;n l&yacute; phản xạ &aacute;nh s&aacute;ng v&ocirc; c&ugrave;ng cơ bản.</p>\n\n<p style=\"text-align:justify\"><img alt=\"\" src=\"https://propzy.vn/tin-tuc/wp-content/uploads/2019/01/f400eb6b4c6822bac3107b8ed58f6ae4.jpg\" style=\"height:1000px; width:640px\" /></p>\n\n<p style=\"text-align:justify\">Kh&ocirc;ng chỉ l&agrave; m&oacute;n nội thất trang tr&iacute;, gương l&agrave;m ph&ograve;ng kh&aacute;ch tr&ocirc;ng s&aacute;ng hơn rất nhiều</p>\n\n<p style=\"text-align:justify\"><strong>6. Sử dụng r&egrave;m cửa mỏng</strong></p>\n\n<p style=\"text-align:justify\">Với ph&ograve;ng kh&aacute;ch c&oacute; nhiều cửa sổ, r&egrave;m cửa thường được d&ugrave;ng để điều tiết &aacute;nh s&aacute;ng. Tuy nhi&ecirc;n, nếu bạn sử dụng những chiếc r&egrave;m cửa d&agrave;y sẽ khiến ph&ograve;ng kh&aacute;ch bị tối v&agrave; b&iacute;. Thay v&agrave;o đ&oacute;, loại r&egrave;m cửa mỏng kh&ocirc;ng chỉ kh&ocirc;ng cản trở &aacute;nh s&aacute;ng tự nhi&ecirc;n m&agrave; c&ograve;n l&agrave;m căn ph&ograve;ng th&ecirc;m thanh tho&aacute;t hơn nhiều.</p>\n\n<p style=\"text-align:justify\"><img alt=\"\" src=\"https://propzy.vn/tin-tuc/wp-content/uploads/2019/01/fd6820f4f03af2fc860c25bd1693beb5.jpg\" style=\"height:960px; width:1280px\" /></p>\n\n<p style=\"text-align:justify\"><em>Một chiếc r&egrave;m cửa mỏng kh&ocirc;ng những kh&ocirc;ng khiến căn ph&ograve;ng nặng nề m&agrave; c&ograve;n gi&uacute;p ph&ograve;ng kh&aacute;ch của bạn kh&ocirc;ng qu&aacute; tối.</em></p>\n\n<p style=\"text-align:justify\"><strong>7. Sử dụng cửa sổ trần</strong></p>\n\n<p style=\"text-align:justify\">Nếu cửa sổ nh&agrave; bạn kh&ocirc;ng cung cấp đủ lượng &aacute;nh s&aacute;ng cần thiết, v&agrave; kết cấu ng&ocirc;i nh&agrave; cho ph&eacute;p bạn mở cửa sổ trần cho ph&ograve;ng kh&aacute;ch th&igrave; đ&acirc;y ch&iacute;nh l&agrave; một lựa chọn ho&agrave;n hảo d&agrave;nh cho bạn. Kh&ocirc;ng chỉ khiến căn ph&ograve;ng c&oacute; nhiều &aacute;nh s&aacute;ng hơn, chiếc cửa n&agrave;y c&ograve;n gi&uacute;p tạo hiệu ứng thị gi&aacute;c khiến phần trần nh&agrave; cao v&agrave; th&ocirc;ng tho&aacute;ng hơn, với những căn ph&ograve;ng trần thấp.</p>\n\n<p style=\"text-align:justify\"><img alt=\"\" src=\"https://propzy.vn/tin-tuc/wp-content/uploads/2019/01/664adf594d622b30e6b528768d085a47.jpg\" style=\"height:1000px; width:640px\" /></p>\n\n<p style=\"text-align:justify\"><em>Cửa sổ trần gi&uacute;p giảm điện năng ti&ecirc;u thụ cho ph&ograve;ng kh&aacute;ch v&igrave; ch&uacute;ng mang đến rất nhiều &aacute;nh s&aacute;ng tự nhi&ecirc;n.</em></p>\n\n<p style=\"text-align:justify\"><strong>8. Dọn dẹp cảnh quan b&ecirc;n ngo&agrave;i</strong></p>\n\n<p style=\"text-align:justify\">Một trong những nguy&ecirc;n nh&acirc;n khiến ph&ograve;ng kh&aacute;ch nh&agrave; bạn bị tối, &iacute;t &aacute;nh nắng c&oacute; thể do những t&aacute;n c&acirc;y lớn b&ecirc;n ngo&agrave;i che mất &aacute;nh s&aacute;ng, hoặc những đồ vật b&ecirc;n ngo&agrave;i nh&agrave; qu&aacute; lộn xộn, cản trở &aacute;nh s&aacute;ng. Do đ&oacute;, bạn cần thường xuy&ecirc;n dọn dẹp cảnh quan ngo&agrave;i nh&agrave; để ph&ograve;ng kh&aacute;ch lu&ocirc;n đ&oacute;n thật nhiều &aacute;nh s&aacute;ng.</p>\n\n<p style=\"text-align:justify\"><img alt=\"\" src=\"https://propzy.vn/tin-tuc/wp-content/uploads/2019/01/66c6bcdf39545ab20177c5e45921f367.jpg\" style=\"height:719px; width:1279px\" /></p>\n\n<p style=\"text-align:justify\"><em>C&acirc;y cối ngo&agrave;i nh&agrave; n&ecirc;n được cắt tỉa gọn g&agrave;ng để tr&aacute;nh chắn s&aacute;ng của ph&ograve;ng kh&aacute;ch.</em></p>\n\n<p style=\"text-align:justify\"><strong>9. Tạo độ b&oacute;ng s&agrave;n</strong></p>\n\n<p style=\"text-align:justify\">Phần s&agrave;n nh&agrave; kh&aacute; &iacute;t được quan t&acirc;m v&agrave; xử l&yacute;. Tuy nhi&ecirc;n, bạn c&oacute; biết, với những s&agrave;n nh&agrave; c&oacute; độ b&oacute;ng cao sẽ l&agrave;m căn ph&ograve;ng trở n&ecirc;n bừng s&aacute;ng. Đặc biệt l&agrave; những căn ph&ograve;ng sử dụng gạch l&aacute;t s&agrave;n m&agrave;u trắng hoặc những gam m&agrave;u s&aacute;ng.</p>\n\n<p style=\"text-align:justify\"><img alt=\"\" src=\"https://propzy.vn/tin-tuc/wp-content/uploads/2019/01/eebba97f13c99c4f2b402d5db4aa108b.jpg\" style=\"height:1029px; width:1547px\" /></p>\n\n<p style=\"text-align:justify\"><em>S&agrave;n nh&agrave; b&oacute;ng mang lại hiệu quả hắt s&aacute;ng nhất định, ph&ograve;ng kh&aacute;ch sẽ s&aacute;ng hơn m&agrave; chẳng cần d&ugrave;ng qu&aacute; nhiều b&oacute;ng đ&egrave;n, giảm điện năng ti&ecirc;u thụ.</em></p>\n\n<p style=\"text-align:justify\"><img alt=\"\" src=\"https://propzy.vn/tin-tuc/wp-content/uploads/2019/01/5b55f0095d8fb354f5739fdbba5183c7.jpg\" style=\"height:597px; width:1024px\" /></p>\n\n<p style=\"text-align:justify\"><em>S&agrave;n trắng v&agrave; b&oacute;ng c&agrave;ng tăng hiệu quả l&agrave;m s&aacute;ng.</em></p>\n\n<p style=\"text-align:justify\">L&agrave;m s&aacute;ng ph&ograve;ng kh&aacute;ch, giảm ti&ecirc;u thụ điện năng chiếu s&aacute;ng thực ra rất đơn giản v&agrave; dễ &aacute;p dụng, đ&uacute;ng kh&ocirc;ng? Với những chia sẻ tr&ecirc;n, chẳng qu&aacute; kh&oacute; bạn sở hữu một ph&ograve;ng kh&aacute;ch tr&agrave;n ngập &aacute;nh s&aacute;ng tự nhi&ecirc;n. Năm mới sắp đến rồi, l&ecirc;n ngay một &yacute; tưởng th&uacute; vị để t&acirc;n trang ph&ograve;ng kh&aacute;ch nh&agrave; m&igrave;nh nh&eacute;! Ch&uacute;c bạn th&agrave;nh c&ocirc;ng!</p>\n</body>\n</html>\n','Giúp không gian phòng khách sáng sủa và thoáng rộng với 9 cách bày trí đơn giản',5,'Danh Thanh');
/*!40000 ALTER TABLE `news` ENABLE KEYS */;
UNLOCK TABLES;

--
-- Table structure for table `province`
--

DROP TABLE IF EXISTS `province`;
/*!40101 SET @saved_cs_client     = @@character_set_client */;
/*!50503 SET character_set_client = utf8mb4 */;
CREATE TABLE `province` (
  `id` bigint(20) NOT NULL,
  `name` varchar(255) DEFAULT NULL,
  `nameWithType` varchar(255) DEFAULT NULL,
  `slug` varchar(255) DEFAULT NULL,
  PRIMARY KEY (`id`)
) ENGINE=MyISAM DEFAULT CHARSET=utf8mb4 COLLATE=utf8mb4_0900_ai_ci;
/*!40101 SET character_set_client = @saved_cs_client */;

--
-- Dumping data for table `province`
--

LOCK TABLES `province` WRITE;
/*!40000 ALTER TABLE `province` DISABLE KEYS */;
INSERT INTO `province` VALUES (79,'Hồ Chí Minh','Thành phố Hồ Chí Minh','ho-chi-minh');
/*!40000 ALTER TABLE `province` ENABLE KEYS */;
UNLOCK TABLES;

--
-- Table structure for table `realestatekind`
--

DROP TABLE IF EXISTS `realestatekind`;
/*!40101 SET @saved_cs_client     = @@character_set_client */;
/*!50503 SET character_set_client = utf8mb4 */;
CREATE TABLE `realestatekind` (
  `id` bigint(20) NOT NULL,
  `name` varchar(255) DEFAULT NULL,
  PRIMARY KEY (`id`)
) ENGINE=MyISAM DEFAULT CHARSET=utf8mb4 COLLATE=utf8mb4_0900_ai_ci;
/*!40101 SET character_set_client = @saved_cs_client */;

--
-- Dumping data for table `realestatekind`
--

LOCK TABLES `realestatekind` WRITE;
/*!40000 ALTER TABLE `realestatekind` DISABLE KEYS */;
INSERT INTO `realestatekind` VALUES (1,'Chung cư'),(2,'Đất nền'),(3,'Nhà riêng');
/*!40000 ALTER TABLE `realestatekind` ENABLE KEYS */;
UNLOCK TABLES;

--
-- Table structure for table `realimage`
--

DROP TABLE IF EXISTS `realimage`;
/*!40101 SET @saved_cs_client     = @@character_set_client */;
/*!50503 SET character_set_client = utf8mb4 */;
CREATE TABLE `realimage` (
  `id` bigint(20) NOT NULL,
  `description` varchar(255) DEFAULT NULL,
  `imageLink` varchar(255) DEFAULT NULL,
  `tradeId` bigint(20) DEFAULT NULL,
  PRIMARY KEY (`id`),
  KEY `FKqlb2m6ek2r0w8yj1nlfv69mfu` (`tradeId`)
) ENGINE=MyISAM DEFAULT CHARSET=utf8mb4 COLLATE=utf8mb4_0900_ai_ci;
/*!40101 SET character_set_client = @saved_cs_client */;

--
-- Dumping data for table `realimage`
--

LOCK TABLES `realimage` WRITE;
/*!40000 ALTER TABLE `realimage` DISABLE KEYS */;
INSERT INTO `realimage` VALUES (1,'Real Estate','https://res.cloudinary.com/fijetso3671/image/upload/v1559034773/RealEstate/maxresdefault_ropnun.jpg',1),(2,'Real Estate','https://res.cloudinary.com/fijetso3671/image/upload/v1559034774/RealEstate/uploads_2Fcard_2Fimage_2F829044_2Ff1a11a98-59ed-46a9-a2df-bf2a6997ee31.jpg_2F950x534__filters_3Aquality_2890_29_eiw5xu.jpg',1),(19,'Mặt trước','https://res.cloudinary.com/fijetso3671/image/upload/v1559860911/RealEstate/kql6ziprexdjjvcqmn1m.webp',2),(20,'Trong nhà','https://res.cloudinary.com/fijetso3671/image/upload/v1559860911/RealEstate/kql6ziprexdjjvcqmn1m.webp',2),(3,'Trong nhà','https://res.cloudinary.com/fijetso3671/image/upload/v1559872643/RealEstate/201810225152_20181025_115002_diaias.jpg',2),(4,'Mặt trước','https://res.cloudinary.com/fijetso3671/image/upload/v1559872755/RealEstate/20160420062223-31ae_okbvke.jpg',3),(5,'Trong nhà','https://res.cloudinary.com/fijetso3671/image/upload/v1559872755/RealEstate/20160803161350-6c53_pjgujr.jpg',3),(6,'Nhà bếp','https://lacan.vn/wp-content/uploads/2016/06/10-mau-tu-bep-chu-l-dep-nhat-hien-nay-m5.jpg',3),(7,'Mặt trước','https://res.cloudinary.com/fijetso3671/image/upload/v1559873092/RealEstate/nha-rieng-pho-ban-to-chuc-quan-uy-cau-giay-dong-cua-im-im_ohou2l.jpg',4),(8,'Trong nhà','https://res.cloudinary.com/fijetso3671/image/upload/v1559872756/RealEstate/20180620142809-644e_c4zz8e.jpg',4),(9,'Nhà bếp','https://gotrangtri.vn/wp-content/uploads/2018/05/thi%E1%BA%BFt-k%E1%BA%BF-n%E1%BB%99i-th%E1%BA%A5t-nh%C3%A0-b%E1%BA%BFp-%C4%91%E1%BA%B9p-c%E1%BA%A7n-c%C3%B3-g%C3%AC.jpg',4),(10,'Mặt trước','https://res.cloudinary.com/fijetso3671/image/upload/v1575531702/RealEstate/hinh-1-1544088631382690327544-crop-1544088723594514569302_j7lkio.jpg',5),(11,'Trong nhà','https://res.cloudinary.com/fijetso3671/image/upload/v1559873204/RealEstate/cho-thu%C3%AA-nh%C3%A0-ri%C3%AAng-4-ph%C3%B2ng-ng%E1%BB%A7-t%E1%BA%A1i-%C4%91%E1%BA%B1ng-giang-qu%E1%BA%ADn-ng%C3%B4-quy%E1%BB%81n-h%E1%BA%A3i-ph%C3%B2ng_doolm2.jpg',5),(12,'Nhà bếp','https://nhadepsang.com.vn/images/2018/01/trang-tri-nha-bep-3.png',5),(13,'Mặt trước','https://res.cloudinary.com/fijetso3671/image/upload/v1575536762/RealEstate/20181001074725-ee3b_o6wkuc.jpg',6),(14,'Trong nhà','https://res.cloudinary.com/fijetso3671/image/upload/v1559873204/RealEstate/uu-diem-cua-can-ho-chung-cu_taiqsx.jpg',6),(15,'Nhà bếp','https://www.giadinhnestle.com.vn/sites/default/files/articles/sliders/cach-trang-tri-nha-bep-theo-phong-thuy-de-dem-lai-may-man-630x350.jpg',6),(16,'Mặt trước','https://nld.mediacdn.vn/thumb_w/540/2018/4/20/123-15241955574791633741019.jpg',1),(17,'Trong nhà','https://res.cloudinary.com/fijetso3671/image/upload/v1559873204/RealEstate/dsc7489_bnlp_kkk8za.jpg',1),(18,'Nhà bếp','https://res.cloudinary.com/fijetso3671/image/upload/v1575531641/RealEstate/noi-that-bep-dep-cho-nha-nho-1_iq3bh9.jpg',1),(144,NULL,'https://cdn.propzy.vn/listing/thumbnail/grid/2019/11/13/listing_6b92c66f585e552b9b465a507ac252d9ac41c8b58c411bf96227b8ffb4e24a1c.jpg',7),(143,NULL,'https://cdn.propzy.vn/listing/thumbnail/grid/2019/11/13/listing_0d6d5179a943eaf80e71bcda7235baa85530c07e9b52b26d305f94448bf63d04.jpg',7),(142,NULL,'https://cdn.propzy.vn/listing/thumbnail/grid/2019/11/13/listing_e29e5cb0744aa98e08999cd05fa6f06f5013978ee6846c336b1910b76489eaae.jpg',7),(141,NULL,'https://cdn.propzy.vn/listing/thumbnail/grid/2019/11/13/listing_c465c22c3d3123e21b085da163be85f758093edea443bc520b4711f01e0a35d5.jpg',7),(140,NULL,'https://cdn.propzy.vn/listing/thumbnail/grid/2019/11/13/listing_303c16767c1caeb22ff6ea7ebfe1db2010057fbcf44182659fe87b1b8e2f75d8.jpg',7),(139,NULL,'https://cdn.propzy.vn/listing/thumbnail/grid/2019/11/13/listing_6901d89641c0de4368f50679e46c6c662df2402047387916d1c1e726188ed6d1.jpg',7),(138,NULL,'https://cdn.propzy.vn/listing/thumbnail/grid/2019/11/13/listing_bd5394b29318ba60e5fc4c7cba872e2d90d8b97d3ecdb74953a02f5423ca9af6.jpg',7),(137,NULL,'https://cdn.propzy.vn/listing/thumbnail/grid/2019/11/13/listing_85fab2342d3c1498d0503dfbeaf62ac05c3bdd73716a25c27d29072af6876ba7.jpg',7),(136,NULL,'https://cdn.propzy.vn/listing/thumbnail/grid/2019/11/13/listing_a3bff4c5ae51ddb8ed3a0823b397136c7e9597a362d3c51fc7324c39b6615675.jpg',7),(135,NULL,'https://cdn.propzy.vn/listing/thumbnail/grid/2019/11/13/listing_0250c6c2ca64bf2a620dec15b0fbfb2fd29d16e29fc2d8dc068918d6e023f927.jpg',7),(134,NULL,'https://cdn.propzy.vn/listing/thumbnail/grid/2019/11/13/listing_06070fdef20e63f1db52e2857fa0fed946d1f5995b91867c7401a6be2d024c76.jpg',7),(133,NULL,'https://cdn.propzy.vn/listing/thumbnail/grid/2019/11/13/listing_c545850786d02388c2a24630ab74483ecf2031a2e79530181e5003fb8b3021f6.jpg',7),(151,NULL,'https://cdn.propzy.vn/listing/thumbnail/grid/2019/12/31/listing_20c278fc71ce65d363eee1e23b8cc8436775bafa0fb3b30a2e47008796d5474a.jpg',8),(152,NULL,'https://cdn.propzy.vn/listing/thumbnail/grid/2019/12/31/listing_efea92065f7b3a2ab5f232d675fbf4a189703f5ca10161388ac169d35127d701.jpg',8),(153,NULL,'https://cdn.propzy.vn/listing/thumbnail/grid/2019/12/31/listing_27bc83a29cd7a2fc7b4bbe71cd07f5f112fd27b38ccad207998e30977745321a.jpg',8),(154,NULL,'https://cdn.propzy.vn/listing/thumbnail/grid/2019/12/31/listing_c422090590c994fa67bb1d53263a0ca6c8e6486d64db838521c888360b6bb0dc.jpg',8),(155,NULL,'https://cdn.propzy.vn/listing/thumbnail/grid/2019/12/31/listing_6c8c7c186d6ab6a5268fc1a136783674f34b31a21775f1b21fc6946231af728f.jpg',8),(159,NULL,'https://cdn.propzy.vn/listing/thumbnail/grid/2019/11/15/listing_2b1227a51e5bfd4bfcea0ba27d58928c5b368f41c05102f82d982fd008e4a13d.jpg',9),(160,NULL,'https://cdn.propzy.vn/listing/thumbnail/grid/2019/11/09/listing_d75cb3e71cdd140f75a8424399740cd9c4bc07c15e6b9eb2a1bccf5faff09a39.jpg',9),(161,NULL,'https://cdn.propzy.vn/listing/thumbnail/grid/2019/11/09/listing_298075b34c9a79e223bd4628915329f782779b6117787124bd0f9834ccc21ac5.jpg',9),(162,NULL,'https://cdn.propzy.vn/listing/thumbnail/grid/2019/11/09/listing_07092503c9a131c425108b908bcc01e63a799b8ad19a4a8358ba2abc3522f537.jpg',9),(163,NULL,'https://cdn.propzy.vn/listing/thumbnail/grid/2019/11/09/listing_8976bc0bfe1701337c45ec14ad1bd51049a1b49968f5dc1ebce3869f9f1f56f2.jpg',9),(164,NULL,'https://cdn.propzy.vn/listing/thumbnail/grid/2019/11/09/listing_6226985a981f97d50f0bac2c10576781364d59b7858988ea054e3f45c7bef68a.jpg',9),(165,NULL,'https://cdn.propzy.vn/listing/thumbnail/grid/2019/11/09/listing_901a5464d02b363a0cb0292dbd1b49fc863f02337e43cbbf24a30a94105d8f6b.jpg',9),(166,NULL,'https://cdn.propzy.vn/listing/thumbnail/grid/2019/11/15/listing_2254da630d7fd0faeddac3ba51519864f6cc994706c04e83914a6b0e4d42a01a.jpg',9),(170,NULL,'https://cdn.propzy.vn/listing/thumbnail/grid/2019/11/06/listing_d099c53a31cf9b68e18d11c2fe0b1732e7c58dcc7b780fd170dde3ccc68fb800.jpg',10),(171,NULL,'https://cdn.propzy.vn/listing/thumbnail/grid/2019/11/06/listing_cbc5f2a27a99c3401746bb5af0e69f36de3da680582608354905e1cc12383418.jpg',10),(172,NULL,'https://cdn.propzy.vn/listing/thumbnail/grid/2019/11/06/listing_f0842bf53a9b0faea7f29594dfbc52df570d13ae887c5d126c2851616db0ffaa.jpg',10),(173,NULL,'https://cdn.propzy.vn/listing/thumbnail/grid/2019/11/06/listing_1bc0699029545dec7607eae8e8eb99c0f8ea4170b209715b58265b1fa738104f.jpg',10),(177,NULL,'https://cdn.propzy.vn/listing/thumbnail/grid/2019/12/05/listing_c1891be346321a15df1d59547633cbc05e8d673d7be7ae045b5436a0778d8713.jpg',11),(178,NULL,'https://cdn.propzy.vn/listing/thumbnail/grid/2019/12/05/listing_fd25a323f2a3863aae0362ac27d0db8652d083ccf7b973c5b032e09c9db0e1eb.jpg',11),(179,NULL,'https://cdn.propzy.vn/listing/thumbnail/grid/2019/12/05/listing_9792dda8f1f8f81cf157d73a105119410b657acd19b96be84b9e1c4b1e8b22a8.jpg',11),(180,NULL,'https://cdn.propzy.vn/listing/thumbnail/grid/2019/12/05/listing_c2cea9a05fcc5ff3762e3570d3d1a22500e875daa6c3d4a25f263c8c70c5b2fc.jpg',11),(181,NULL,'https://cdn.propzy.vn/listing/thumbnail/grid/2019/12/05/listing_6bd85ab27e209f77bc6c03feced3cb0f53e457bee1e44b67fe09e19f30b4a76c.jpg',11),(182,NULL,'https://cdn.propzy.vn/listing/thumbnail/grid/2019/12/05/listing_e1b0653d9d82b2fa0ffb0020b5df735b36c21136e0352db4b06c0dc803cb08be.jpg',11),(183,NULL,'https://cdn.propzy.vn/listing/thumbnail/grid/2019/12/05/listing_6cdfbaab7318c6334f634f709759a1bbd29e480ad4e5ab914508e6b5b51f68a1.jpg',11),(187,NULL,'https://cdn.propzy.vn/listing/thumbnail/grid/2019/11/04/listing_c221513a6f4e1fef87611dfa7f7b70e1152f64ac392e6eae6b070ffe8d7ecb25.jpg',12),(188,NULL,'https://cdn.propzy.vn/listing/thumbnail/grid/2019/11/04/listing_c2ba5be61f52420732361536ccf28ada8f7ff1a082170b62b437849a55cf5e1a.jpg',12),(189,NULL,'https://cdn.propzy.vn/listing/thumbnail/grid/2019/11/04/listing_f6c177afcc445c0ebc26eb6515806c985e105c3c772e9b52bc7cd6e14f1e532f.jpg',12),(190,NULL,'https://cdn.propzy.vn/listing/thumbnail/grid/2019/11/04/listing_2b4901eed54131e7c5318fbf8f76d6484ded13ebe649c03bb34e256f031332e2.jpg',12),(191,NULL,'https://cdn.propzy.vn/listing/thumbnail/grid/2019/11/04/listing_863c1810178283a0ed7737ec0373ce10b5a5b0f03517b260ce0ac9a47de0c302.jpg',12),(192,NULL,'https://cdn.propzy.vn/listing/thumbnail/grid/2019/11/04/listing_fb6c02694be8b5dc7d56b00975b1c5a13f13ae89b6a0b296f8d5c2b15e418ab4.jpg',12),(196,NULL,'https://cdn.propzy.vn/listing/thumbnail/grid/2019/11/01/listing_032efcaac1c3195296d85d816e3045ff645c07117291f83bb0c383b5c3a3d92d.jpg',13),(197,NULL,'https://cdn.propzy.vn/listing/thumbnail/grid/2019/11/01/listing_d08c1b412f388b29e0a1e6a3701936da8f20f35e01ff001b567c94763fa3d790.jpg',13),(198,NULL,'https://cdn.propzy.vn/listing/thumbnail/grid/2019/11/01/listing_f6132d5f624559bf7af691ae252c37cd9f114f58d4ab183b8e07b4f7c8102523.jpg',13),(199,NULL,'https://cdn.propzy.vn/listing/thumbnail/grid/2019/11/01/listing_fd4fe7f5e5ec9443d143e405d7a3a3eeee8c104fb107ff1b5e3e5d60909097ad.jpg',13),(200,NULL,'https://cdn.propzy.vn/listing/thumbnail/grid/2019/11/01/listing_d60fee7ce1186c1eccada322a904d52a29976ca5bdc19d6e27ebcc33b2c601bc.jpg',13),(201,NULL,'https://cdn.propzy.vn/listing/thumbnail/grid/2019/11/01/listing_4eb4e8b1a7328a8cbb30c40a344dd7439d4e7e89c58168be13ede5af97060683.jpg',13),(202,NULL,'https://cdn.propzy.vn/listing/thumbnail/grid/2019/11/01/listing_1007e60428e9e4e4e1f421cb2b49ed041a88db0510fc886da3cc1347defc06e7.jpg',13),(203,NULL,'https://cdn.propzy.vn/listing/thumbnail/grid/2019/11/03/listing_1a92c3265051724a2b2b3c02ce3675a5a8ed1dabb1913c50581c0e060a165f43.jpg',13),(204,NULL,'https://cdn.propzy.vn/listing/thumbnail/grid/2019/11/03/listing_4a679446b1240ef0d50297e9352615c696cdfcb56ebad3e2685feecc2fedcd22.jpg',13),(205,NULL,'https://cdn.propzy.vn/listing/thumbnail/grid/2019/11/03/listing_92463a33e6dc810653db79160da9e7eafd558a96b3b27dd4d113006c81d35341.jpg',13),(206,NULL,'https://cdn.propzy.vn/listing/thumbnail/grid/2019/11/03/listing_f45f3ed450890f5bd5cdd219c8c869bb6a78cd0bec21a73a7103ff13f1f51f58.jpg',13),(207,NULL,'https://cdn.propzy.vn/listing/thumbnail/grid/2019/11/03/listing_8bc33acadbf6831905f1b3ce5e7193d843c86a62fabea73ba384c68820c4bb5d.jpg',13),(208,NULL,'https://cdn.propzy.vn/listing/thumbnail/grid/2019/11/03/listing_ae53a89f85c074fe97527f67a0ba560e25458bdf4911e11f231f942e9be9e3de.jpg',13),(209,NULL,'https://cdn.propzy.vn/listing/thumbnail/grid/2019/11/03/listing_19c9bf4e04525d99a7c8576ab9a5a204c5050d52d888c7cbbcf5c43274d74994.jpg',13),(210,NULL,'https://cdn.propzy.vn/listing/thumbnail/grid/2019/11/03/listing_6e19571f52411ba89619e8f68355dcbd903b96a8c4af351af964845c237f216f.jpg',13),(214,NULL,'https://cdn.propzy.vn/listing/thumbnail/grid/2019/11/01/listing_67bf280c7524535e9eff607c6b8f97b304863b3baad07d4a2bfcbc77a57c4a40.jpg',14),(215,NULL,'https://cdn.propzy.vn/listing/thumbnail/grid/2019/11/01/listing_de89b96d01545adfd40fdc91c42b71904962f25e6840fdf2462b3a918e361502.jpg',14),(216,NULL,'https://cdn.propzy.vn/listing/thumbnail/grid/2019/11/01/listing_e3d6b9cdef9b87ba1c3ac19e733e68a68bd56b2ae57d37641cd4ac183d184151.jpg',14),(217,NULL,'https://cdn.propzy.vn/listing/thumbnail/grid/2019/11/01/listing_a7c723b66e895b4a2730dd06a1ea3698fff69a84a02fb6cc1f80640057353797.jpg',14),(218,NULL,'https://cdn.propzy.vn/listing/thumbnail/grid/2019/11/01/listing_9a25fb1428e4b299007cbb754aadd15c4ce7c5e195e14ea27782240a34c9cc52.jpg',14),(219,NULL,'https://cdn.propzy.vn/listing/thumbnail/grid/2019/11/01/listing_4380322373c55dc8cc5f6e014cb9d91d56abfe1aef845f808b023802efe584fa.jpg',14),(220,NULL,'https://cdn.propzy.vn/listing/thumbnail/grid/2019/11/01/listing_36560dc8710e88f001d6df03fef06c2ad9123be1de9b28685aee20ff205e8fcf.jpg',14),(221,NULL,'https://cdn.propzy.vn/listing/thumbnail/grid/2019/11/01/listing_1d0e36d3612ab832b0566e56d910fdaefff8ac8ad8fcc3acf487f504e3ecab8b.jpg',14),(225,NULL,'https://cdn.propzy.vn/listing/thumbnail/grid/2019/11/01/listing_bd10af8490f32f0d132e86262d86d46f19a5af36bae4bf17f37cb33ead225362.jpg',15),(226,NULL,'https://cdn.propzy.vn/listing/thumbnail/grid/2019/11/01/listing_3dd01ec0e67ed56f0510f1102c1d8c20eb747dc48a1b2afd7f42cd07bbc5b825.jpg',15),(227,NULL,'https://cdn.propzy.vn/listing/thumbnail/grid/2019/11/01/listing_b9b514cc560f1108984299ca7a05e0d4b8e59d1d96647f33acb36882b5a34438.jpg',15),(228,NULL,'https://cdn.propzy.vn/listing/thumbnail/grid/2019/11/01/listing_f43bce8b2952e576afe1b90a1acdd113775ef5c9e1350b3ee615d4fb7633c5da.jpg',15),(229,NULL,'https://cdn.propzy.vn/listing/thumbnail/grid/2019/11/01/listing_bc5e699bc8778271256b5431cb72e57881c412449d22658f5767ce50ee9f5548.jpg',15),(230,NULL,'https://cdn.propzy.vn/listing/thumbnail/grid/2019/11/01/listing_4a79eaad688d98730aa7ba91053ca5d6f211b04a73bd291dfc9bd12cd8926ce3.jpg',15),(231,NULL,'https://cdn.propzy.vn/listing/thumbnail/grid/2019/11/01/listing_c002ccba0d2ba4e773a81c66c8db14d90c392969520d8f469f073cb829a349f7.jpg',15),(232,NULL,'https://cdn.propzy.vn/listing/thumbnail/grid/2019/11/01/listing_f76e90a610790dd6e4c5868d54c4a6c1c2804ccd00e383543ed476269757204e.jpg',15),(233,NULL,'https://cdn.propzy.vn/listing/thumbnail/grid/2019/11/01/listing_b0bc10e4ee99ca3fc95fab9cdd0619b2615f8ea663b3c49fc057825b970b6a62.jpg',15),(234,NULL,'https://cdn.propzy.vn/listing/thumbnail/grid/2019/11/01/listing_c53f4f94212e8c4f3ab3bf86cd0766a82085fbc82b770db0bc4deec0fce2c128.jpg',15),(235,NULL,'https://cdn.propzy.vn/listing/thumbnail/grid/2019/11/01/listing_267548781e889d24c0a5ed7b6a725be048b2e32a7c5ff7b822db7c6a7de70aba.jpg',15),(236,NULL,'https://cdn.propzy.vn/listing/thumbnail/grid/2019/11/01/listing_e171389d3d8723f4943aa1fcdf12c2900741940c76d71ce31c0c90ff27bb1339.jpg',15),(237,NULL,'https://cdn.propzy.vn/listing/thumbnail/grid/2019/11/01/listing_8872369178695c2aa940c4c6f589a0401bcd5f61b1a8aee68bac641e075618f5.jpg',15),(238,NULL,'https://cdn.propzy.vn/listing/thumbnail/grid/2019/11/01/listing_705945ad113a16dee5d412e6dc1dd6337649ce06049f7b9e79a5e58ba31dbdbb.jpg',15),(239,NULL,'https://cdn.propzy.vn/listing/thumbnail/grid/2019/11/01/listing_c525a2312762438e90452fe49c77d1044e11cb3a95be63469eb219f18728f917.jpg',15),(243,NULL,'https://cdn.propzy.vn/listing/thumbnail/grid/2019/12/05/listing_f302621410623a53f345a4ac04be7988e7275c479f00060a420b4c47235bf5c3.jpg',16),(244,NULL,'https://cdn.propzy.vn/listing/thumbnail/grid/2019/10/31/listing_e498ecd45a4fc76907f72ab03818e6bee9b3f3952bee36971033be38ab77ce4d.jpg',16),(245,NULL,'https://cdn.propzy.vn/listing/thumbnail/grid/2019/10/31/listing_59e2ea5b1c3822fa226efe5dc008f2953cc73cdd2332e6a123f193748173e4f7.jpg',16),(246,NULL,'https://cdn.propzy.vn/listing/thumbnail/grid/2019/12/05/listing_e90d0ff5e22f80cf9531c88f41931ca2a3bfda2d41d65b2f7cc01ab35c2b83a9.jpg',16),(247,NULL,'https://cdn.propzy.vn/listing/thumbnail/grid/2019/12/05/listing_9949ae885853245c020195c50afd0538373b22caacc83592321fe0b60fa1deaf.jpg',16),(248,NULL,'https://cdn.propzy.vn/listing/thumbnail/grid/2019/10/31/listing_bfe1c81e656858adbb8857b363358698d86e78dc5821d1eca52c6ee1aeabdce7.jpg',16),(249,NULL,'https://cdn.propzy.vn/listing/thumbnail/grid/2019/10/31/listing_9314842d353a4d2daea7591a7a9136d67537eceff7b7a8f13116ef8df547c890.jpg',16),(250,NULL,'https://cdn.propzy.vn/listing/thumbnail/grid/2019/12/05/listing_3e6f40e03df6f3298dfed906835f8f8213162f74be5b962300220606534524c5.jpg',16),(251,NULL,'https://cdn.propzy.vn/listing/thumbnail/grid/2019/10/31/listing_1afb0b6931183d45309915613966c688ae3888de11d1f0dcdd12f6d732d29c78.jpg',16),(252,NULL,'https://cdn.propzy.vn/listing/thumbnail/grid/2019/10/31/listing_258a1fa8c4b88cb0e740e49af6f3c1092384cc1823dd571021edf4007ce9b659.jpg',16),(253,NULL,'https://cdn.propzy.vn/listing/thumbnail/grid/2019/10/31/listing_66be40230bf49dff168d11393e3785dfc6e0a9a63c217e632882c5d6fc1e88cb.jpg',16),(254,NULL,'https://cdn.propzy.vn/listing/thumbnail/grid/2019/10/31/listing_9d78b1220c07ef7a2436afc0202a07ed26ba4968aa58a510d3b54350ac65b4f7.jpg',16),(255,NULL,'https://cdn.propzy.vn/listing/thumbnail/grid/2019/12/05/listing_c07fc9f5c311b6029c659c39b6745959545a1e174fe8ac192fb971bf25ae70e5.jpg',16),(256,NULL,'https://cdn.propzy.vn/listing/thumbnail/grid/2019/10/31/listing_c4e3c8a50e44fc146e2297971eaca2ac0d3fab4476b9f69a1f276e7cbe2793d2.jpg',16),(257,NULL,'https://cdn.propzy.vn/listing/thumbnail/grid/2019/10/31/listing_bbd48d7ac489661b7739ba56f08d9bb1f387e4a79b70cfd2b35f0768944912ee.jpg',16),(258,NULL,'https://cdn.propzy.vn/listing/thumbnail/grid/2019/10/31/listing_ca7c4d5a16a79e94d4a4f8dcafcf43ee497eabdba9a47e51e6d26d900f5a652b.jpg',16),(259,NULL,'https://cdn.propzy.vn/listing/thumbnail/grid/2019/10/31/listing_4b1b6b160ba6477c1580b977e01a8efdb7511198fe68b9731b906b97b083e117.jpg',16),(260,NULL,'https://cdn.propzy.vn/listing/thumbnail/grid/2019/10/31/listing_37f5739b776d58833fd8a6e2e3e1d95bd2192fc8faedaec78bb08287397035c5.jpg',16),(261,NULL,'https://cdn.propzy.vn/listing/thumbnail/grid/2019/10/31/listing_48b35e5d4d508c6167dd055aa9eae36edc19549fa01c48b8be408520fb98225f.jpg',16),(262,NULL,'https://cdn.propzy.vn/listing/thumbnail/grid/2019/10/31/listing_3d13fe077aacf487377ceac7f7462e44914ab4e0338cc1dfc741694c3765fcf9.jpg',16),(263,NULL,'https://cdn.propzy.vn/listing/thumbnail/grid/2019/10/31/listing_0fa2874efaf2604e94dc0dc2a8da4f3d58a1a2b1946389cfcd2916d14d39b308.jpg',16),(264,NULL,'https://cdn.propzy.vn/listing/thumbnail/grid/2019/10/31/listing_bc0099034400b3699c632cc7d9c6137b73a8275b2f5f7bed58606d71fbed1157.jpg',16),(265,NULL,'https://cdn.propzy.vn/listing/thumbnail/grid/2019/10/31/listing_dba112455903a4c51886cab6e05013576b1de167bb1bb10906a772fd50d84a76.jpg',16),(266,NULL,'https://cdn.propzy.vn/listing/thumbnail/grid/2019/12/05/listing_7e01cea2b862154402190b04b33def2c1dab813727a387e2d7cd5db070106d7a.jpg',16),(267,NULL,'https://cdn.propzy.vn/listing/thumbnail/grid/2019/10/31/listing_7952f1ba2319d84fbe4b4887cbb6f486f9447a074d4d097c6ad285d58b935ef2.jpg',16),(268,NULL,'https://cdn.propzy.vn/listing/thumbnail/grid/2019/12/05/listing_9cf15fab1e915b35dca605756111e89ebc11bc72930df8636008f1de84186c87.jpg',16),(269,NULL,'https://cdn.propzy.vn/listing/thumbnail/grid/2019/12/05/listing_242b179cf9379f3cad5f4d8cc50bdbd8340c07314a0ac0300c2095bf83d967c2.jpg',16),(270,NULL,'https://cdn.propzy.vn/listing/thumbnail/grid/2019/12/05/listing_ed411319a9a3d6441adce946598454f53803c99220208f02d04dd43bd1f6892c.jpg',16),(271,NULL,'https://cdn.propzy.vn/listing/thumbnail/grid/2019/10/31/listing_d7eb5df0729d627bda4e30f0efa3c7f8e0c71ba4d762fdfb14fe0be62a861871.jpg',16),(288,NULL,'https://cdn.propzy.vn/listing/thumbnail/grid/2019/10/30/listing_8c8a778377eac27c81dcff08e7a04ef925a547638bf244434d11e6e787c74fce.jpg',17),(287,NULL,'https://cdn.propzy.vn/listing/thumbnail/grid/2019/11/02/listing_0edaa0814fa051a5df6dcdc59491e0856b2d64eb2afc73fba699110b996ff77d.jpg',17),(286,NULL,'https://cdn.propzy.vn/listing/thumbnail/grid/2019/10/30/listing_cb723d7b60e7098337f32b419afca87ee20025a8550f1d2f7c7a7051419cac6c.jpg',17),(285,NULL,'https://cdn.propzy.vn/listing/thumbnail/grid/2019/11/02/listing_29b2b9758bd2418a2a35da1fbc3670bba873a0a82e1f4a17f8182a8af60d38f1.jpg',17),(284,NULL,'https://cdn.propzy.vn/listing/thumbnail/grid/2019/11/02/listing_5f00409b682575f68a017c0857c0b4a1abc6e140698e163ff3041e3f85bd453e.jpg',17),(283,NULL,'https://cdn.propzy.vn/listing/thumbnail/grid/2019/11/02/listing_7c67e54af4e49a4521b4dc19875eebf3aa2828e24b98c98ff3daca4dd2c02998.jpg',17),(282,NULL,'https://cdn.propzy.vn/listing/thumbnail/grid/2019/11/02/listing_ff71f4d99b43634a10dbced3dd062e5477159093bcc08b493b26dbdeb69876e4.jpg',17),(289,NULL,'https://cdn.propzy.vn/listing/thumbnail/grid/2019/10/30/listing_9706cf7017de139fc61f4547fa4f7bb39731130f68be13e0251f1b0e7a6675b6.jpg',17),(290,NULL,'https://cdn.propzy.vn/listing/thumbnail/grid/2019/10/30/listing_6b56a1977dbd0c9eb2992dbf51ff6bd594cb12b8d1b1a83f70b2bd9479602ffb.jpg',17),(291,NULL,'https://cdn.propzy.vn/listing/thumbnail/grid/2019/10/30/listing_c401235b57e0a7562ad1364916e740c36e9595760bee3c0f8c0adfed370f5672.jpg',17),(292,NULL,'https://cdn.propzy.vn/listing/thumbnail/grid/2019/10/30/listing_688f96af59a057322492ddb68ee3b4cb9459ab0c407aebb9822a9448194d351c.jpg',17),(293,NULL,'https://cdn.propzy.vn/listing/thumbnail/grid/2019/11/02/listing_946ab1d45538a1e0562e1fc784619c27d6ef73ef2782bc28906054c9956ed187.jpg',17),(294,NULL,'https://cdn.propzy.vn/listing/thumbnail/grid/2019/11/02/listing_2a2a1ff5daca8fa298fa7f1ef27d93e0f12de55ecb3c7938d5171c3c125ef15f.jpg',17),(295,NULL,'https://cdn.propzy.vn/listing/thumbnail/grid/2019/11/02/listing_0eab639cd9061a5315af7e0b0c3dc7fc10e7b1bfcd3ccf6f1e4283ffe9abef74.jpg',17),(296,NULL,'https://cdn.propzy.vn/listing/thumbnail/grid/2019/11/02/listing_33153c0a4839021cc4ee69f5360708468aba7a44ebdd1111beb672f9b87c2d4a.jpg',17),(297,NULL,'https://cdn.propzy.vn/listing/thumbnail/grid/2019/11/02/listing_8694c1f0cb561c3aa21cae4dd760f94a73a6d721f175b465a98586e624a578e8.jpg',17),(298,NULL,'https://cdn.propzy.vn/listing/thumbnail/grid/2019/11/02/listing_542fb021bded3d77dcf0bf8b5bfd9c60ebb7ec1ae9d9b247193397b9f22f2bcc.jpg',17),(299,NULL,'https://cdn.propzy.vn/listing/thumbnail/grid/2019/11/02/listing_f884db4eb9fdcf1222be0b21b5f5f1f827c75443cd5022ecc65caf544184397c.jpg',17),(303,NULL,'https://cdn.propzy.vn/listing/thumbnail/grid/2019/10/29/listing_dff2c2a4ca0f97eaf94ab338f1e01669509612f94c9e622e9200979d76159af4.jpg',18),(304,NULL,'https://cdn.propzy.vn/listing/thumbnail/grid/2019/10/29/listing_17374ad6b932e4fa40e0972a6557e55fd910a72f817c2824a8a19f9bb08d81b6.jpg',8),(305,NULL,'https://cdn.propzy.vn/listing/thumbnail/grid/2019/10/29/listing_72e4d3f4485a41562eca9ef056d041aec5cc76d5bd9aeb42d2893412161f77b3.jpg',18),(306,NULL,'https://cdn.propzy.vn/listing/thumbnail/grid/2019/10/29/listing_838b2e990b7770eeb4ec50ebd718a14a927384040019e80246f19d1069732c3b.jpg',18),(307,NULL,'https://cdn.propzy.vn/listing/thumbnail/grid/2019/10/29/listing_ac1c93c8533888edd6bcb83530696934294fd4e6c85cc498f50c33b5c1a7eac3.jpg',18),(308,NULL,'https://cdn.propzy.vn/listing/thumbnail/grid/2019/10/29/listing_8702015e7cd88824e9d855c7fbd69badafd2c0006dee79069d1700b7c44eb054.jpg',18),(309,NULL,'https://cdn.propzy.vn/listing/thumbnail/grid/2019/10/29/listing_cbb9e24cd3f6538b847dbe8af2e1aea2e672e3a58f81973960b97c912129005e.jpg',18),(310,NULL,'https://cdn.propzy.vn/listing/thumbnail/grid/2019/10/29/listing_24e7c796466cd46537cebeee3ff776ac697a00906ff5141d893ea512e3aa8277.jpg',18),(311,NULL,'https://cdn.propzy.vn/listing/thumbnail/grid/2019/10/29/listing_37007d7f8053ca25535bc73da10a79554c93684b75fa8b126039f813e9a6cd00.jpg',18),(312,NULL,'https://cdn.propzy.vn/listing/thumbnail/grid/2019/10/29/listing_62c499846ef437235cf1f525ddc133110fa4876b0e5aecc1f0ef267c60eb3687.jpg',18),(313,NULL,'https://cdn.propzy.vn/listing/thumbnail/grid/2019/10/29/listing_2c6e247483d51633fd977dcf04442967c1a3adb1456479123088bed70e848dbc.jpg',18),(314,NULL,'https://cdn.propzy.vn/listing/thumbnail/grid/2019/10/29/listing_ed859b50d57efabf752735209e4ad28948425cf93a25430ce715ca43aa42dd16.jpg',18),(318,NULL,'https://cdn.propzy.vn/listing/thumbnail/grid/2019/10/23/listing_957f799f1806fb42c59a897cbf27f57ab7f40a8e4ed581630ab41f85c6729da9.jpg',19),(319,NULL,'https://cdn.propzy.vn/listing/thumbnail/grid/2019/10/23/listing_a654905cd9cfff9c1ec663f3a6f1a932bb2a8170966005d03027f85cc978ba99.jpg',19),(320,NULL,'https://cdn.propzy.vn/listing/thumbnail/grid/2019/10/23/listing_f26acb4b67ada4ea1163cfcb0c37d6c3292cc7a12c006915497da58c5f33468f.jpg',19),(324,NULL,'https://cdn.propzy.vn/listing/thumbnail/grid/2019/12/06/listing_a80b8afd7db2720a39f7842957934727e1bd8b8e07c471a0902d02d10037fb20.jpg',20),(325,NULL,'https://cdn.propzy.vn/listing/thumbnail/grid/2019/12/06/listing_af2dd2a6195477876a44ea7e38f6f596fea345e81d8c3f66a7a0511e1a7458a5.jpg',20),(326,NULL,'https://cdn.propzy.vn/listing/thumbnail/grid/2019/12/06/listing_98001c321a86806595c8e968a396464fb18fe3d392e0b63103d639a8550e5df6.jpg',20),(327,NULL,'https://cdn.propzy.vn/listing/thumbnail/grid/2019/12/06/listing_3ed46d6b78ea477d2bb5bdd7edaed001f721740a5209d51a4437d5a0743e6148.jpg',20),(360,NULL,'http://res.cloudinary.com/fijetso3671/image/upload/v1578666045/RealEstate/twvyhrfwjuhnaj2eqppi.webp',356),(366,NULL,'http://res.cloudinary.com/fijetso3671/image/upload/v1578670105/RealEstate/ymxthsxwfvaodqkpveov.webp',362);
/*!40000 ALTER TABLE `realimage` ENABLE KEYS */;
UNLOCK TABLES;

--
-- Table structure for table `request`
--

DROP TABLE IF EXISTS `request`;
/*!40101 SET @saved_cs_client     = @@character_set_client */;
/*!50503 SET character_set_client = utf8mb4 */;
CREATE TABLE `request` (
  `id` bigint(20) NOT NULL,
  `highestPrice` bigint(20) DEFAULT NULL,
  `lowestPrice` bigint(20) DEFAULT NULL,
  `districtId` bigint(20) DEFAULT NULL,
  `realEstateKindId` bigint(20) DEFAULT NULL,
  `tradeKindId` bigint(20) DEFAULT NULL,
  `userId` bigint(20) DEFAULT NULL,
  PRIMARY KEY (`id`),
  KEY `FKonitw09sch7tesin4g47x7hlu` (`districtId`),
  KEY `FKe3akvr9ebtw8omgvoqgjyktnh` (`realEstateKindId`),
  KEY `FKo1il5as3qsqk0394q98k5xyet` (`tradeKindId`),
  KEY `FK8vyqdqj0l3t1y1ljxse0kb28s` (`userId`)
) ENGINE=MyISAM DEFAULT CHARSET=utf8mb4 COLLATE=utf8mb4_0900_ai_ci;
/*!40101 SET character_set_client = @saved_cs_client */;

--
-- Dumping data for table `request`
--

LOCK TABLES `request` WRITE;
/*!40000 ALTER TABLE `request` DISABLE KEYS */;
/*!40000 ALTER TABLE `request` ENABLE KEYS */;
UNLOCK TABLES;

--
-- Table structure for table `role`
--

DROP TABLE IF EXISTS `role`;
/*!40101 SET @saved_cs_client     = @@character_set_client */;
/*!50503 SET character_set_client = utf8mb4 */;
CREATE TABLE `role` (
  `id` bigint(20) NOT NULL,
  `name` varchar(255) DEFAULT NULL,
  PRIMARY KEY (`id`)
) ENGINE=MyISAM DEFAULT CHARSET=utf8mb4 COLLATE=utf8mb4_0900_ai_ci;
/*!40101 SET character_set_client = @saved_cs_client */;

--
-- Dumping data for table `role`
--

LOCK TABLES `role` WRITE;
/*!40000 ALTER TABLE `role` DISABLE KEYS */;
INSERT INTO `role` VALUES (1,'ADMIN'),(2,'USER'),(4,'MANAGER'),(8,'HR');
/*!40000 ALTER TABLE `role` ENABLE KEYS */;
UNLOCK TABLES;

--
-- Table structure for table `trade`
--

DROP TABLE IF EXISTS `trade`;
/*!40101 SET @saved_cs_client     = @@character_set_client */;
/*!50503 SET character_set_client = utf8mb4 */;
CREATE TABLE `trade` (
  `id` bigint(20) NOT NULL,
  `cost` bigint(20) DEFAULT NULL,
  `description` varchar(255) DEFAULT NULL,
  `tradeStatus` smallint(6) DEFAULT NULL,
  `viewCount` bigint(20) DEFAULT NULL,
  `addressId` bigint(20) DEFAULT NULL,
  `coordinateId` bigint(20) DEFAULT NULL,
  `detailsId` bigint(20) DEFAULT NULL,
  `realEstateKindId` bigint(20) DEFAULT NULL,
  `tradeKindId` bigint(20) DEFAULT NULL,
  `userId` bigint(20) DEFAULT NULL,
  PRIMARY KEY (`id`),
  KEY `FKq3anaqws3f17pky65jkx1il75` (`addressId`),
  KEY `FKpepp1nyu7djyad4ncuih8nep` (`coordinateId`),
  KEY `FKlpws3d4em5htg1c42jejl2ium` (`detailsId`),
  KEY `FK2jy9tpeixc0vrvv7y68ynyuyp` (`realEstateKindId`),
  KEY `FKfbw184hpw3cco4kcqi5bmdfgo` (`tradeKindId`),
  KEY `FKd986y1i64s1k88weqamt2p6t5` (`userId`)
) ENGINE=MyISAM DEFAULT CHARSET=utf8mb4 COLLATE=utf8mb4_0900_ai_ci;
/*!40101 SET character_set_client = @saved_cs_client */;

--
-- Dumping data for table `trade`
--

LOCK TABLES `trade` WRITE;
/*!40000 ALTER TABLE `trade` DISABLE KEYS */;
INSERT INTO `trade` VALUES (1,4000000000,'Nhà mặt tiền quận 1 thuận tiện kinh doanh',1,0,1,1,1,1,1,1),(2,5300000000,'Nhà quận 1 rộng rãi thoáng mát sạch sẽ',1,0,2,2,2,2,1,2),(3,3800000000,'Bán nhà hẻm xe hơi phường Hiệp Bình Phước, Quận Thủ Đức, hướng Tây',1,0,3,3,3,2,2,1),(4,5100000000,'Bán nhà hẻm xe hơi phường Hiệp Bình Phước, Quận Thủ Đức, hướng Tây',1,0,4,4,4,1,2,2),(5,3300000000,'Bán nhà riêng quận 5 đang cho thuê 6tr/tháng',1,0,5,5,5,3,2,1),(6,3700000000,'Bán nhà riêng quận 5 có sổ hồng chính chủ',1,0,6,6,6,3,1,2),(7,2400000000,'Bán nhà riêng huyện Hóc Môn- Hẻm bê tông rộng 2.5m',0,0,7,7,7,3,1,1),(8,2300000000,'Nhà hẻm phường 14 Quận 8  - Gần chợ Bình Đông',0,0,8,8,8,3,2,2),(9,2700000000,'Bán nhà riêng hẻm nhựa 6m, thông thoáng, cách mặt tiền khoảng 50m Quận 12',0,0,9,9,9,3,1,1),(10,2100000000,'Bán nhà hẻm an ninh P. Bình Trị Đông, Bình Tân - Đang cho thuê 4.5 triệu/tháng',0,0,10,10,10,3,1,2),(11,2700000000,'Nhà bán Quận Gò Vấp, - Thuận tiện di chuyển, khu dân cư an ninh.',0,0,11,11,11,3,1,1),(12,2600000000,'Bán nhà Quận Tân Phú - Khu dân cư an ninh.',0,0,12,12,12,3,1,2),(13,2700000000,'Nhà 1 trệt, 1 lửng, hẻm an ninh P. Bình Hưng Hòa A, Bình Tân - Gần Chợ Bình Long',0,0,13,13,13,3,2,2),(14,1550000000,'Nhà nhỏ xinh sổ hồng riêng, nội thất đẹp phường 12 quận 3.',0,0,14,14,14,3,2,1),(15,2650000000,'Chính chủ bán gấp nhà cấp 4 hẻm xe máy, đường số 12, phường Tam Bình, Quận Thủ Đức',0,0,15,15,15,3,2,2),(16,2350000000,'Nhà HXH gần 5m, P. Tân Tạo A, Bình Tân - Gần vòng xoay An Lạc',0,0,16,16,16,2,2,2),(17,2100000000,'Bán nhà riêng huyện Hóc Môn- Hẻm xe hơi',0,0,17,17,17,3,1,1),(18,3000000000,'Bán gấp nhà hẻm phường Phước Long A, Quận 9 - Sổ hồng riêng chính chủ',0,0,18,18,18,3,1,2),(19,2400000000,'Bán nhà 2 mặt tiền Quận Tân Phú - Khu dân cư an ninh, yên tĩnh.',0,0,19,19,19,3,1,1),(20,3000000000,'Nhà đẹp phường 14 Quận 8 - Nhà cũ tiện xây mới',0,0,20,20,20,3,2,1),(362,2000000000,'Mô tả về bất động sản của bạn',0,0,363,364,365,1,1,354);
/*!40000 ALTER TABLE `trade` ENABLE KEYS */;
UNLOCK TABLES;

--
-- Table structure for table `tradekind`
--

DROP TABLE IF EXISTS `tradekind`;
/*!40101 SET @saved_cs_client     = @@character_set_client */;
/*!50503 SET character_set_client = utf8mb4 */;
CREATE TABLE `tradekind` (
  `id` bigint(20) NOT NULL,
  `name` varchar(255) DEFAULT NULL,
  PRIMARY KEY (`id`)
) ENGINE=MyISAM DEFAULT CHARSET=utf8mb4 COLLATE=utf8mb4_0900_ai_ci;
/*!40101 SET character_set_client = @saved_cs_client */;

--
-- Dumping data for table `tradekind`
--

LOCK TABLES `tradekind` WRITE;
/*!40000 ALTER TABLE `tradekind` DISABLE KEYS */;
INSERT INTO `tradekind` VALUES (1,'Mua'),(2,'Thuê');
/*!40000 ALTER TABLE `tradekind` ENABLE KEYS */;
UNLOCK TABLES;

--
-- Table structure for table `user`
--

DROP TABLE IF EXISTS `user`;
/*!40101 SET @saved_cs_client     = @@character_set_client */;
/*!50503 SET character_set_client = utf8mb4 */;
CREATE TABLE `user` (
  `id` bigint(20) NOT NULL,
  `active` bit(1) NOT NULL,
  `birthdate` datetime DEFAULT NULL,
  `email` varchar(255) DEFAULT NULL,
  `gender` bit(1) NOT NULL,
  `imageUrl` varchar(255) DEFAULT NULL,
  `name` varchar(255) DEFAULT NULL,
  `password` varchar(255) DEFAULT NULL,
  `phone` varchar(255) DEFAULT NULL,
  `provider` varchar(255) NOT NULL,
  `providerId` varchar(255) DEFAULT NULL,
  `jobId` bigint(20) DEFAULT NULL,
  `userKindId` bigint(20) DEFAULT NULL,
  PRIMARY KEY (`id`),
  KEY `FK323s8f8mb3rgqx6p7tdbm1r0j` (`jobId`),
  KEY `FKr3ev5cp30260s7n0eni85a8q3` (`userKindId`)
) ENGINE=MyISAM DEFAULT CHARSET=utf8mb4 COLLATE=utf8mb4_0900_ai_ci;
/*!40101 SET character_set_client = @saved_cs_client */;

--
-- Dumping data for table `user`
--

LOCK TABLES `user` WRITE;
/*!40000 ALTER TABLE `user` DISABLE KEYS */;
INSERT INTO `user` VALUES (2,_binary '\0','1997-06-05 00:00:00','danhthanh0605@gmail.com',_binary '\0',NULL,'Danh Thanh','','0123456789','google','2',31,2),(1,_binary '\0',NULL,'henrynguyen02081997@gmail.com',_binary '\0',NULL,'Nguyễn Thị Ngọc Huyền',NULL,NULL,'facebook','1',NULL,1),(354,_binary '',NULL,'danhthanh418@gmail.com',_binary '\0',NULL,'Thanh Danh','$2a$10$3AjM8NxqmgAWaT262173FuGAw3Ba.so.AXtseXwnHikMpfEf7OJZq','0975922740','local','0',2,NULL),(374,_binary '',NULL,'huyenntn02081997@gmail.com',_binary '',NULL,'Huyền Nguyễn','$2a$10$dWbbT7wInrnjouSF9ikP/egKzCoGKIdtqzaUO2ez2pMLo5x0p.rc2','0993123678','local','0',2,NULL);
/*!40000 ALTER TABLE `user` ENABLE KEYS */;
UNLOCK TABLES;

--
-- Table structure for table `user_role`
--

DROP TABLE IF EXISTS `user_role`;
/*!40101 SET @saved_cs_client     = @@character_set_client */;
/*!50503 SET character_set_client = utf8mb4 */;
CREATE TABLE `user_role` (
  `userId` bigint(20) NOT NULL,
  `roleId` bigint(20) NOT NULL,
  PRIMARY KEY (`userId`,`roleId`),
  KEY `FKj1n131kbq3wgkdtpexsf3g00g` (`roleId`)
) ENGINE=MyISAM DEFAULT CHARSET=utf8mb4 COLLATE=utf8mb4_0900_ai_ci;
/*!40101 SET character_set_client = @saved_cs_client */;

--
-- Dumping data for table `user_role`
--

LOCK TABLES `user_role` WRITE;
/*!40000 ALTER TABLE `user_role` DISABLE KEYS */;
INSERT INTO `user_role` VALUES (1,1),(2,2),(7,1),(8,2),(9,2),(12,2),(34,2),(37,2),(40,2),(43,2),(47,2),(50,2),(86,2),(91,2),(94,2),(99,2),(102,2),(104,2),(107,2),(115,2),(116,2),(117,2),(120,2),(127,2),(128,2),(129,2),(130,2),(132,2),(134,2),(135,2),(136,2),(137,2),(138,2),(140,2),(354,2),(374,2);
/*!40000 ALTER TABLE `user_role` ENABLE KEYS */;
UNLOCK TABLES;

--
-- Table structure for table `userkind`
--

DROP TABLE IF EXISTS `userkind`;
/*!40101 SET @saved_cs_client     = @@character_set_client */;
/*!50503 SET character_set_client = utf8mb4 */;
CREATE TABLE `userkind` (
  `id` bigint(20) NOT NULL,
  `name` varchar(255) DEFAULT NULL,
  PRIMARY KEY (`id`)
) ENGINE=MyISAM DEFAULT CHARSET=utf8mb4 COLLATE=utf8mb4_0900_ai_ci;
/*!40101 SET character_set_client = @saved_cs_client */;

--
-- Dumping data for table `userkind`
--

LOCK TABLES `userkind` WRITE;
/*!40000 ALTER TABLE `userkind` DISABLE KEYS */;
INSERT INTO `userkind` VALUES (1,'Chủ nhà'),(2,'Môi giới');
/*!40000 ALTER TABLE `userkind` ENABLE KEYS */;
UNLOCK TABLES;

--
-- Table structure for table `ward`
--

DROP TABLE IF EXISTS `ward`;
/*!40101 SET @saved_cs_client     = @@character_set_client */;
/*!50503 SET character_set_client = utf8mb4 */;
CREATE TABLE `ward` (
  `id` bigint(20) NOT NULL,
  `name` varchar(255) DEFAULT NULL,
  `nameWithType` varchar(255) DEFAULT NULL,
  `pathWithType` varchar(255) DEFAULT NULL,
  `slug` varchar(255) DEFAULT NULL,
  `districtId` bigint(20) DEFAULT NULL,
  PRIMARY KEY (`id`),
  KEY `FKrp50c8pex0c5pk6f4lskt1n6` (`districtId`)
) ENGINE=MyISAM DEFAULT CHARSET=utf8mb4 COLLATE=utf8mb4_0900_ai_ci;
/*!40101 SET character_set_client = @saved_cs_client */;

--
-- Dumping data for table `ward`
--

LOCK TABLES `ward` WRITE;
/*!40000 ALTER TABLE `ward` DISABLE KEYS */;
INSERT INTO `ward` VALUES (27139,'06','Phường 06','Phường 06, Quận 3, Thành phố Hồ Chí Minh','06',770),(27148,'04','Phường 04','Phường 04, Quận 3, Thành phố Hồ Chí Minh','04',770),(27127,'14','Phường 14','Phường 14, Quận 3, Thành phố Hồ Chí Minh','14',770),(27142,'09','Phường 09','Phường 09, Quận 3, Thành phố Hồ Chí Minh','09',770),(27121,'08','Phường 08','Phường 08, Quận 3, Thành phố Hồ Chí Minh','08',770),(27154,'03','Phường 03','Phường 03, Quận 3, Thành phố Hồ Chí Minh','03',770),(27151,'05','Phường 05','Phường 05, Quận 3, Thành phố Hồ Chí Minh','05',770),(27130,'12','Phường 12','Phường 12, Quận 3, Thành phố Hồ Chí Minh','12',770),(27124,'07','Phường 07','Phường 07, Quận 3, Thành phố Hồ Chí Minh','07',770),(27157,'02','Phường 02','Phường 02, Quận 3, Thành phố Hồ Chí Minh','02',770),(27136,'13','Phường 13','Phường 13, Quận 3, Thành phố Hồ Chí Minh','13',770),(27133,'11','Phường 11','Phường 11, Quận 3, Thành phố Hồ Chí Minh','11',770),(27145,'10','Phường 10','Phường 10, Quận 3, Thành phố Hồ Chí Minh','10',770),(27160,'01','Phường 01','Phường 01, Quận 3, Thành phố Hồ Chí Minh','01',770),(26749,'Phạm Ngũ Lão','Phường Phạm Ngũ Lão','Phường Phạm Ngũ Lão, Quận 1, Thành phố Hồ Chí Minh','pham-ngu-lao',760),(26740,'Bến Nghé','Phường Bến Nghé','Phường Bến Nghé, Quận 1, Thành phố Hồ Chí Minh','ben-nghe',760),(26761,'Cầu Kho','Phường Cầu Kho','Phường Cầu Kho, Quận 1, Thành phố Hồ Chí Minh','cau-kho',760),(26752,'Cầu Ông Lãnh','Phường Cầu Ông Lãnh','Phường Cầu Ông Lãnh, Quận 1, Thành phố Hồ Chí Minh','cau-ong-lanh',760),(26755,'Cô Giang','Phường Cô Giang','Phường Cô Giang, Quận 1, Thành phố Hồ Chí Minh','co-giang',760),(26743,'Bến Thành','Phường Bến Thành','Phường Bến Thành, Quận 1, Thành phố Hồ Chí Minh','ben-thanh',760),(26746,'Nguyễn Thái Bình','Phường Nguyễn Thái Bình','Phường Nguyễn Thái Bình, Quận 1, Thành phố Hồ Chí Minh','nguyen-thai-binh',760),(26734,'Tân Định','Phường Tân Định','Phường Tân Định, Quận 1, Thành phố Hồ Chí Minh','tan-dinh',760),(26737,'Đa Kao','Phường Đa Kao','Phường Đa Kao, Quận 1, Thành phố Hồ Chí Minh','da-kao',760),(26758,'Nguyễn Cư Trinh','Phường Nguyễn Cư Trinh','Phường Nguyễn Cư Trinh, Quận 1, Thành phố Hồ Chí Minh','nguyen-cu-trinh',760),(27205,'03','Phường 03','Phường 03, Quận 10, Thành phố Hồ Chí Minh','03',771),(27175,'11','Phường 11','Phường 11, Quận 10, Thành phố Hồ Chí Minh','11',771),(27187,'08','Phường 08','Phường 08, Quận 10, Thành phố Hồ Chí Minh','08',771),(27184,'01','Phường 01','Phường 01, Quận 10, Thành phố Hồ Chí Minh','01',771),(27163,'15','Phường 15','Phường 15, Quận 10, Thành phố Hồ Chí Minh','15',771),(27196,'07','Phường 07','Phường 07, Quận 10, Thành phố Hồ Chí Minh','07',771),(27169,'14','Phường 14','Phường 14, Quận 10, Thành phố Hồ Chí Minh','14',771),(27202,'06','Phường 06','Phường 06, Quận 10, Thành phố Hồ Chí Minh','06',771),(27166,'13','Phường 13','Phường 13, Quận 10, Thành phố Hồ Chí Minh','13',771),(27199,'05','Phường 05','Phường 05, Quận 10, Thành phố Hồ Chí Minh','05',771),(27178,'10','Phường 10','Phường 10, Quận 10, Thành phố Hồ Chí Minh','10',771),(27190,'02','Phường 02','Phường 02, Quận 10, Thành phố Hồ Chí Minh','02',771),(27193,'04','Phường 04','Phường 04, Quận 10, Thành phố Hồ Chí Minh','04',771),(27172,'12','Phường 12','Phường 12, Quận 10, Thành phố Hồ Chí Minh','12',771),(27181,'09','Phường 09','Phường 09, Quận 10, Thành phố Hồ Chí Minh','09',771),(26791,'Tân Thới Nhất','Phường Tân Thới Nhất','Phường Tân Thới Nhất, Quận 12, Thành phố Hồ Chí Minh','tan-thoi-nhat',761),(26782,'Tân Thới Hiệp','Phường Tân Thới Hiệp','Phường Tân Thới Hiệp, Quận 12, Thành phố Hồ Chí Minh','tan-thoi-hiep',761),(26770,'Hiệp Thành','Phường Hiệp Thành','Phường Hiệp Thành, Quận 12, Thành phố Hồ Chí Minh','hiep-thanh',761),(26773,'Thới An','Phường Thới An','Phường Thới An, Quận 12, Thành phố Hồ Chí Minh','thoi-an',761),(26764,'Thạnh Xuân','Phường Thạnh Xuân','Phường Thạnh Xuân, Quận 12, Thành phố Hồ Chí Minh','thanh-xuan',761),(26785,'Trung Mỹ Tây','Phường Trung Mỹ Tây','Phường Trung Mỹ Tây, Quận 12, Thành phố Hồ Chí Minh','trung-my-tay',761),(26788,'Đông Hưng Thuận','Phường Đông Hưng Thuận','Phường Đông Hưng Thuận, Quận 12, Thành phố Hồ Chí Minh','dong-hung-thuan',761),(26776,'Tân Chánh Hiệp','Phường Tân Chánh Hiệp','Phường Tân Chánh Hiệp, Quận 12, Thành phố Hồ Chí Minh','tan-chanh-hiep',761),(26787,'Tân Hưng Thuận','Phường Tân Hưng Thuận','Phường Tân Hưng Thuận, Quận 12, Thành phố Hồ Chí Minh','tan-hung-thuan',761),(26779,'An Phú Đông','Phường An Phú Đông','Phường An Phú Đông, Quận 12, Thành phố Hồ Chí Minh','an-phu-dong',761),(26767,'Thạnh Lộc','Phường Thạnh Lộc','Phường Thạnh Lộc, Quận 12, Thành phố Hồ Chí Minh','thanh-loc',761),(27238,'07','Phường 07','Phường 07, Quận 11, Thành phố Hồ Chí Minh','07',772),(27217,'11','Phường 11','Phường 11, Quận 11, Thành phố Hồ Chí Minh','11',772),(27214,'14','Phường 14','Phường 14, Quận 11, Thành phố Hồ Chí Minh','14',772),(27247,'01','Phường 01','Phường 01, Quận 11, Thành phố Hồ Chí Minh','01',772),(27226,'13','Phường 13','Phường 13, Quận 11, Thành phố Hồ Chí Minh','13',772),(27229,'08','Phường 08','Phường 08, Quận 11, Thành phố Hồ Chí Minh','08',772),(27208,'15','Phường 15','Phường 15, Quận 11, Thành phố Hồ Chí Minh','15',772),(27241,'06','Phường 06','Phường 06, Quận 11, Thành phố Hồ Chí Minh','06',772),(27220,'03','Phường 03','Phường 03, Quận 11, Thành phố Hồ Chí Minh','03',772),(27253,'16','Phường 16','Phường 16, Quận 11, Thành phố Hồ Chí Minh','16',772),(27250,'02','Phường 02','Phường 02, Quận 11, Thành phố Hồ Chí Minh','02',772),(27223,'10','Phường 10','Phường 10, Quận 11, Thành phố Hồ Chí Minh','10',772),(27235,'12','Phường 12','Phường 12, Quận 11, Thành phố Hồ Chí Minh','12',772),(27232,'09','Phường 09','Phường 09, Quận 11, Thành phố Hồ Chí Minh','09',772),(27211,'05','Phường 05','Phường 05, Quận 11, Thành phố Hồ Chí Minh','05',772),(27244,'04','Phường 04','Phường 04, Quận 11, Thành phố Hồ Chí Minh','04',772),(27508,'An Nhơn Tây','Xã An Nhơn Tây','Xã An Nhơn Tây, Huyện Củ Chi, Thành phố Hồ Chí Minh','an-nhon-tay',783),(27502,'An Phú','Xã An Phú','Xã An Phú, Huyện Củ Chi, Thành phố Hồ Chí Minh','an-phu',783),(27535,'Phước Vĩnh An','Xã Phước Vĩnh An','Xã Phước Vĩnh An, Huyện Củ Chi, Thành phố Hồ Chí Minh','phuoc-vinh-an',783),(27514,'Phạm Văn Cội','Xã Phạm Văn Cội','Xã Phạm Văn Cội, Huyện Củ Chi, Thành phố Hồ Chí Minh','pham-van-coi',783),(27547,'Tân Thạnh Đông','Xã Tân Thạnh Đông','Xã Tân Thạnh Đông, Huyện Củ Chi, Thành phố Hồ Chí Minh','tan-thanh-dong',783),(27511,'Nhuận Đức','Xã Nhuận Đức','Xã Nhuận Đức, Huyện Củ Chi, Thành phố Hồ Chí Minh','nhuan-duc',783),(27544,'Hòa Phú','Xã Hòa Phú','Xã Hòa Phú, Huyện Củ Chi, Thành phố Hồ Chí Minh','hoa-phu',783),(27523,'Trung An','Xã Trung An','Xã Trung An, Huyện Củ Chi, Thành phố Hồ Chí Minh','trung-an',783),(27556,'Tân Thông Hội','Xã Tân Thông Hội','Xã Tân Thông Hội, Huyện Củ Chi, Thành phố Hồ Chí Minh','tan-thong-hoi',783),(27517,'Phú Hòa Đông','Xã Phú Hòa Đông','Xã Phú Hòa Đông, Huyện Củ Chi, Thành phố Hồ Chí Minh','phu-hoa-dong',783),(27529,'Phước Hiệp','Xã Phước Hiệp','Xã Phước Hiệp, Huyện Củ Chi, Thành phố Hồ Chí Minh','phuoc-hiep',783),(27526,'Phước Thạnh','Xã Phước Thạnh','Xã Phước Thạnh, Huyện Củ Chi, Thành phố Hồ Chí Minh','phuoc-thanh',783),(27505,'Trung Lập Thượng','Xã Trung Lập Thượng','Xã Trung Lập Thượng, Huyện Củ Chi, Thành phố Hồ Chí Minh','trung-lap-thuong',783),(27538,'Thái Mỹ','Xã Thái Mỹ','Xã Thái Mỹ, Huyện Củ Chi, Thành phố Hồ Chí Minh','thai-my',783),(27550,'Bình Mỹ','Xã Bình Mỹ','Xã Bình Mỹ, Huyện Củ Chi, Thành phố Hồ Chí Minh','binh-my',783),(27520,'Trung Lập Hạ','Xã Trung Lập Hạ','Xã Trung Lập Hạ, Huyện Củ Chi, Thành phố Hồ Chí Minh','trung-lap-ha',783),(27553,'Tân Phú Trung','Xã Tân Phú Trung','Xã Tân Phú Trung, Huyện Củ Chi, Thành phố Hồ Chí Minh','tan-phu-trung',783),(27499,'Phú Mỹ Hưng','Xã Phú Mỹ Hưng','Xã Phú Mỹ Hưng, Huyện Củ Chi, Thành phố Hồ Chí Minh','phu-my-hung',783),(27532,'Tân An Hội','Xã Tân An Hội','Xã Tân An Hội, Huyện Củ Chi, Thành phố Hồ Chí Minh','tan-an-hoi',783),(27496,'Củ Chi','Thị trấn Củ Chi','Thị trấn Củ Chi, Huyện Củ Chi, Thành phố Hồ Chí Minh','cu-chi',783),(27541,'Tân Thạnh Tây','Xã Tân Thạnh Tây','Xã Tân Thạnh Tây, Huyện Củ Chi, Thành phố Hồ Chí Minh','tan-thanh-tay',783),(26827,'Trường Thọ','Phường Trường Thọ','Phường Trường Thọ, Quận Thủ Đức, Thành phố Hồ Chí Minh','truong-tho',762),(26815,'Linh Chiểu','Phường Linh Chiểu','Phường Linh Chiểu, Quận Thủ Đức, Thành phố Hồ Chí Minh','linh-chieu',762),(26818,'Linh Tây','Phường Linh Tây','Phường Linh Tây, Quận Thủ Đức, Thành phố Hồ Chí Minh','linh-tay',762),(26806,'Tam Phú','Phường Tam Phú','Phường Tam Phú, Quận Thủ Đức, Thành phố Hồ Chí Minh','tam-phu',762),(26809,'Hiệp Bình Phước','Phường Hiệp Bình Phước','Phường Hiệp Bình Phước, Quận Thủ Đức, Thành phố Hồ Chí Minh','hiep-binh-phuoc',762),(26794,'Linh Xuân','Phường Linh Xuân','Phường Linh Xuân, Quận Thủ Đức, Thành phố Hồ Chí Minh','linh-xuan',762),(26797,'Bình Chiểu','Phường Bình Chiểu','Phường Bình Chiểu, Quận Thủ Đức, Thành phố Hồ Chí Minh','binh-chieu',762),(26821,'Linh Đông','Phường Linh Đông','Phường Linh Đông, Quận Thủ Đức, Thành phố Hồ Chí Minh','linh-dong',762),(26812,'Hiệp Bình Chánh','Phường Hiệp Bình Chánh','Phường Hiệp Bình Chánh, Quận Thủ Đức, Thành phố Hồ Chí Minh','hiep-binh-chanh',762),(26800,'Linh Trung','Phường Linh Trung','Phường Linh Trung, Quận Thủ Đức, Thành phố Hồ Chí Minh','linh-trung',762),(26803,'Tam Bình','Phường Tam Bình','Phường Tam Bình, Quận Thủ Đức, Thành phố Hồ Chí Minh','tam-binh',762),(26824,'Bình Thọ','Phường Bình Thọ','Phường Bình Thọ, Quận Thủ Đức, Thành phố Hồ Chí Minh','binh-tho',762),(27259,'13','Phường 13','Phường 13, Quận 4, Thành phố Hồ Chí Minh','13',773),(27274,'05','Phường 05','Phường 05, Quận 4, Thành phố Hồ Chí Minh','05',773),(27286,'03','Phường 03','Phường 03, Quận 4, Thành phố Hồ Chí Minh','03',773),(27283,'04','Phường 04','Phường 04, Quận 4, Thành phố Hồ Chí Minh','04',773),(27262,'09','Phường 09','Phường 09, Quận 4, Thành phố Hồ Chí Minh','09',773),(27295,'15','Phường 15','Phường 15, Quận 4, Thành phố Hồ Chí Minh','15',773),(27256,'12','Phường 12','Phường 12, Quận 4, Thành phố Hồ Chí Minh','12',773),(27289,'16','Phường 16','Phường 16, Quận 4, Thành phố Hồ Chí Minh','16',773),(27268,'08','Phường 08','Phường 08, Quận 4, Thành phố Hồ Chí Minh','08',773),(27265,'06','Phường 06','Phường 06, Quận 4, Thành phố Hồ Chí Minh','06',773),(27298,'01','Phường 01','Phường 01, Quận 4, Thành phố Hồ Chí Minh','01',773),(27277,'18','Phường 18','Phường 18, Quận 4, Thành phố Hồ Chí Minh','18',773),(27292,'02','Phường 02','Phường 02, Quận 4, Thành phố Hồ Chí Minh','02',773),(27271,'10','Phường 10','Phường 10, Quận 4, Thành phố Hồ Chí Minh','10',773),(27280,'14','Phường 14','Phường 14, Quận 4, Thành phố Hồ Chí Minh','14',773),(27571,'Tân Thới Nhì','Xã Tân Thới Nhì','Xã Tân Thới Nhì, Huyện Hóc Môn, Thành phố Hồ Chí Minh','tan-thoi-nhi',784),(27583,'Xuân Thới Đông','Xã Xuân Thới Đông','Xã Xuân Thới Đông, Huyện Hóc Môn, Thành phố Hồ Chí Minh','xuan-thoi-dong',784),(27580,'Tân Xuân','Xã Tân Xuân','Xã Tân Xuân, Huyện Hóc Môn, Thành phố Hồ Chí Minh','tan-xuan',784),(27592,'Bà Điểm','Xã Bà Điểm','Xã Bà Điểm, Huyện Hóc Môn, Thành phố Hồ Chí Minh','ba-diem',784),(27586,'Trung Chánh','Xã Trung Chánh','Xã Trung Chánh, Huyện Hóc Môn, Thành phố Hồ Chí Minh','trung-chanh',784),(27565,'Nhị Bình','Xã Nhị Bình','Xã Nhị Bình, Huyện Hóc Môn, Thành phố Hồ Chí Minh','nhi-binh',784),(27562,'Tân Hiệp','Xã Tân Hiệp','Xã Tân Hiệp, Huyện Hóc Môn, Thành phố Hồ Chí Minh','tan-hiep',784),(27574,'Thới Tam Thôn','Xã Thới Tam Thôn','Xã Thới Tam Thôn, Huyện Hóc Môn, Thành phố Hồ Chí Minh','thoi-tam-thon',784),(27568,'Đông Thạnh','Xã Đông Thạnh','Xã Đông Thạnh, Huyện Hóc Môn, Thành phố Hồ Chí Minh','dong-thanh',784),(27577,'Xuân Thới Sơn','Xã Xuân Thới Sơn','Xã Xuân Thới Sơn, Huyện Hóc Môn, Thành phố Hồ Chí Minh','xuan-thoi-son',784),(27589,'Xuân Thới Thượng','Xã Xuân Thới Thượng','Xã Xuân Thới Thượng, Huyện Hóc Môn, Thành phố Hồ Chí Minh','xuan-thoi-thuong',784),(27559,'Hóc Môn','Thị trấn Hóc Môn','Thị trấn Hóc Môn, Huyện Hóc Môn, Thành phố Hồ Chí Minh','hoc-mon',784),(26848,'Phước Long B','Phường Phước Long B','Phường Phước Long B, Quận 9, Thành phố Hồ Chí Minh','phuoc-long-b',763),(26839,'Hiệp Phú','Phường Hiệp Phú','Phường Hiệp Phú, Quận 9, Thành phố Hồ Chí Minh','hiep-phu',763),(26830,'Long Bình','Phường Long Bình','Phường Long Bình, Quận 9, Thành phố Hồ Chí Minh','long-binh',763),(26863,'Phước Bình','Phường Phước Bình','Phường Phước Bình, Quận 9, Thành phố Hồ Chí Minh','phuoc-binh',763),(26851,'Phước Long A','Phường Phước Long A','Phường Phước Long A, Quận 9, Thành phố Hồ Chí Minh','phuoc-long-a',763),(26854,'Trường Thạnh','Phường Trường Thạnh','Phường Trường Thạnh, Quận 9, Thành phố Hồ Chí Minh','truong-thanh',763),(26842,'Tăng Nhơn Phú A','Phường Tăng Nhơn Phú A','Phường Tăng Nhơn Phú A, Quận 9, Thành phố Hồ Chí Minh','tang-nhon-phu-a',763),(26845,'Tăng Nhơn Phú B','Phường Tăng Nhơn Phú B','Phường Tăng Nhơn Phú B, Quận 9, Thành phố Hồ Chí Minh','tang-nhon-phu-b',763),(26833,'Long Thạnh Mỹ','Phường Long Thạnh Mỹ','Phường Long Thạnh Mỹ, Quận 9, Thành phố Hồ Chí Minh','long-thanh-my',763),(26866,'Phú Hữu','Phường Phú Hữu','Phường Phú Hữu, Quận 9, Thành phố Hồ Chí Minh','phu-huu',763),(26836,'Tân Phú','Phường Tân Phú','Phường Tân Phú, Quận 9, Thành phố Hồ Chí Minh','tan-phu',763),(26857,'Long Phước','Phường Long Phước','Phường Long Phước, Quận 9, Thành phố Hồ Chí Minh','long-phuoc',763),(26860,'Long Trường','Phường Long Trường','Phường Long Trường, Quận 9, Thành phố Hồ Chí Minh','long-truong',763),(27304,'09','Phường 09','Phường 09, Quận 5, Thành phố Hồ Chí Minh','09',774),(27337,'06','Phường 06','Phường 06, Quận 5, Thành phố Hồ Chí Minh','06',774),(27316,'08','Phường 08','Phường 08, Quận 5, Thành phố Hồ Chí Minh','08',774),(27313,'02','Phường 02','Phường 02, Quận 5, Thành phố Hồ Chí Minh','02',774),(27325,'01','Phường 01','Phường 01, Quận 5, Thành phố Hồ Chí Minh','01',774),(27319,'15','Phường 15','Phường 15, Quận 5, Thành phố Hồ Chí Minh','15',774),(27328,'11','Phường 11','Phường 11, Quận 5, Thành phố Hồ Chí Minh','11',774),(27307,'03','Phường 03','Phường 03, Quận 5, Thành phố Hồ Chí Minh','03',774),(27340,'10','Phường 10','Phường 10, Quận 5, Thành phố Hồ Chí Minh','10',774),(27322,'07','Phường 07','Phường 07, Quận 5, Thành phố Hồ Chí Minh','07',774),(27301,'04','Phường 04','Phường 04, Quận 5, Thành phố Hồ Chí Minh','04',774),(27334,'05','Phường 05','Phường 05, Quận 5, Thành phố Hồ Chí Minh','05',774),(27331,'14','Phường 14','Phường 14, Quận 5, Thành phố Hồ Chí Minh','14',774),(27310,'12','Phường 12','Phường 12, Quận 5, Thành phố Hồ Chí Minh','12',774),(27343,'13','Phường 13','Phường 13, Quận 5, Thành phố Hồ Chí Minh','13',774),(27607,'Bình Lợi','Xã Bình Lợi','Xã Bình Lợi, Huyện Bình Chánh, Thành phố Hồ Chí Minh','binh-loi',785),(27619,'Bình Hưng','Xã Bình Hưng','Xã Bình Hưng, Huyện Bình Chánh, Thành phố Hồ Chí Minh','binh-hung',785),(27601,'Vĩnh Lộc A','Xã Vĩnh Lộc A','Xã Vĩnh Lộc A, Huyện Bình Chánh, Thành phố Hồ Chí Minh','vinh-loc-a',785),(27634,'Tân Quý Tây','Xã Tân Quý Tây','Xã Tân Quý Tây, Huyện Bình Chánh, Thành phố Hồ Chí Minh','tan-quy-tay',785),(27613,'Tân Nhựt','Xã Tân Nhựt','Xã Tân Nhựt, Huyện Bình Chánh, Thành phố Hồ Chí Minh','tan-nhut',785),(27610,'Lê Minh Xuân','Xã Lê Minh Xuân','Xã Lê Minh Xuân, Huyện Bình Chánh, Thành phố Hồ Chí Minh','le-minh-xuan',785),(27622,'Phong Phú','Xã Phong Phú','Xã Phong Phú, Huyện Bình Chánh, Thành phố Hồ Chí Minh','phong-phu',785),(27616,'Tân Kiên','Xã Tân Kiên','Xã Tân Kiên, Huyện Bình Chánh, Thành phố Hồ Chí Minh','tan-kien',785),(27628,'Hưng Long','Xã Hưng Long','Xã Hưng Long, Huyện Bình Chánh, Thành phố Hồ Chí Minh','hung-long',785),(27625,'An Phú Tây','Xã An Phú Tây','Xã An Phú Tây, Huyện Bình Chánh, Thành phố Hồ Chí Minh','an-phu-tay',785),(27604,'Vĩnh Lộc B','Xã Vĩnh Lộc B','Xã Vĩnh Lộc B, Huyện Bình Chánh, Thành phố Hồ Chí Minh','vinh-loc-b',785),(27637,'Bình Chánh','Xã Bình Chánh','Xã Bình Chánh, Huyện Bình Chánh, Thành phố Hồ Chí Minh','binh-chanh',785),(27598,'Phạm Văn Hai','Xã Phạm Văn Hai','Xã Phạm Văn Hai, Huyện Bình Chánh, Thành phố Hồ Chí Minh','pham-van-hai',785),(27631,'Đa Phước','Xã Đa Phước','Xã Đa Phước, Huyện Bình Chánh, Thành phố Hồ Chí Minh','da-phuoc',785),(27595,'Tân Túc','Thị trấn Tân Túc','Thị trấn Tân Túc, Huyện Bình Chánh, Thành phố Hồ Chí Minh','tan-tuc',785),(27640,'Quy Đức','Xã Quy Đức','Xã Quy Đức, Huyện Bình Chánh, Thành phố Hồ Chí Minh','quy-duc',785),(26896,'01','Phường 01','Phường 01, Quận Gò Vấp, Thành phố Hồ Chí Minh','01',764),(26884,'10','Phường 10','Phường 10, Quận Gò Vấp, Thành phố Hồ Chí Minh','10',764),(26876,'6','Phường 6','Phường 6, Quận Gò Vấp, Thành phố Hồ Chí Minh','6',764),(26887,'05','Phường 05','Phường 05, Quận Gò Vấp, Thành phố Hồ Chí Minh','05',764),(26898,'8','Phường 8','Phường 8, Quận Gò Vấp, Thành phố Hồ Chí Minh','8',764),(26875,'17','Phường 17','Phường 17, Quận Gò Vấp, Thành phố Hồ Chí Minh','17',764),(26897,'9','Phường 9','Phường 9, Quận Gò Vấp, Thành phố Hồ Chí Minh','9',764),(26878,'16','Phường 16','Phường 16, Quận Gò Vấp, Thành phố Hồ Chí Minh','16',764),(26899,'11','Phường 11','Phường 11, Quận Gò Vấp, Thành phố Hồ Chí Minh','11',764),(26869,'15','Phường 15','Phường 15, Quận Gò Vấp, Thành phố Hồ Chí Minh','15',764),(26902,'03','Phường 03','Phường 03, Quận Gò Vấp, Thành phố Hồ Chí Minh','03',764),(26890,'07','Phường 07','Phường 07, Quận Gò Vấp, Thành phố Hồ Chí Minh','07',764),(26881,'12','Phường 12','Phường 12, Quận Gò Vấp, Thành phố Hồ Chí Minh','12',764),(26872,'13','Phường 13','Phường 13, Quận Gò Vấp, Thành phố Hồ Chí Minh','13',764),(26882,'14','Phường 14','Phường 14, Quận Gò Vấp, Thành phố Hồ Chí Minh','14',764),(26893,'04','Phường 04','Phường 04, Quận Gò Vấp, Thành phố Hồ Chí Minh','04',764),(27349,'13','Phường 13','Phường 13, Quận 6, Thành phố Hồ Chí Minh','13',775),(27346,'14','Phường 14','Phường 14, Quận 6, Thành phố Hồ Chí Minh','14',775),(27379,'03','Phường 03','Phường 03, Quận 6, Thành phố Hồ Chí Minh','03',775),(27358,'12','Phường 12','Phường 12, Quận 6, Thành phố Hồ Chí Minh','12',775),(27373,'04','Phường 04','Phường 04, Quận 6, Thành phố Hồ Chí Minh','04',775),(27352,'09','Phường 09','Phường 09, Quận 6, Thành phố Hồ Chí Minh','09',775),(27385,'10','Phường 10','Phường 10, Quận 6, Thành phố Hồ Chí Minh','10',775),(27382,'07','Phường 07','Phường 07, Quận 6, Thành phố Hồ Chí Minh','07',775),(27361,'05','Phường 05','Phường 05, Quận 6, Thành phố Hồ Chí Minh','05',775),(27355,'06','Phường 06','Phường 06, Quận 6, Thành phố Hồ Chí Minh','06',775),(27367,'02','Phường 02','Phường 02, Quận 6, Thành phố Hồ Chí Minh','02',775),(27364,'11','Phường 11','Phường 11, Quận 6, Thành phố Hồ Chí Minh','11',775),(27376,'08','Phường 08','Phường 08, Quận 6, Thành phố Hồ Chí Minh','08',775),(27370,'01','Phường 01','Phường 01, Quận 6, Thành phố Hồ Chí Minh','01',775),(27652,'Nhơn Đức','Xã Nhơn Đức','Xã Nhơn Đức, Huyện Nhà Bè, Thành phố Hồ Chí Minh','nhon-duc',786),(27661,'Hiệp Phước','Xã Hiệp Phước','Xã Hiệp Phước, Huyện Nhà Bè, Thành phố Hồ Chí Minh','hiep-phuoc',786),(27646,'Phước Kiển','Xã Phước Kiển','Xã Phước Kiển, Huyện Nhà Bè, Thành phố Hồ Chí Minh','phuoc-kien',786),(27643,'Nhà Bè','Thị trấn Nhà Bè','Thị trấn Nhà Bè, Huyện Nhà Bè, Thành phố Hồ Chí Minh','nha-be',786),(27655,'Phú Xuân','Xã Phú Xuân','Xã Phú Xuân, Huyện Nhà Bè, Thành phố Hồ Chí Minh','phu-xuan',786),(27649,'Phước Lộc','Xã Phước Lộc','Xã Phước Lộc, Huyện Nhà Bè, Thành phố Hồ Chí Minh','phuoc-loc',786),(27658,'Long Thới','Xã Long Thới','Xã Long Thới, Huyện Nhà Bè, Thành phố Hồ Chí Minh','long-thoi',786),(26926,'07','Phường 07','Phường 07, Quận Bình Thạnh, Thành phố Hồ Chí Minh','07',765),(26959,'19','Phường 19','Phường 19, Quận Bình Thạnh, Thành phố Hồ Chí Minh','19',765),(26914,'26','Phường 26','Phường 26, Quận Bình Thạnh, Thành phố Hồ Chí Minh','26',765),(26947,'03','Phường 03','Phường 03, Quận Bình Thạnh, Thành phố Hồ Chí Minh','03',765),(26917,'12','Phường 12','Phường 12, Quận Bình Thạnh, Thành phố Hồ Chí Minh','12',765),(26905,'13','Phường 13','Phường 13, Quận Bình Thạnh, Thành phố Hồ Chí Minh','13',765),(26938,'15','Phường 15','Phường 15, Quận Bình Thạnh, Thành phố Hồ Chí Minh','15',765),(26908,'11','Phường 11','Phường 11, Quận Bình Thạnh, Thành phố Hồ Chí Minh','11',765),(26929,'24','Phường 24','Phường 24, Quận Bình Thạnh, Thành phố Hồ Chí Minh','24',765),(26962,'28','Phường 28','Phường 28, Quận Bình Thạnh, Thành phố Hồ Chí Minh','28',765),(26950,'17','Phường 17','Phường 17, Quận Bình Thạnh, Thành phố Hồ Chí Minh','17',765),(26920,'25','Phường 25','Phường 25, Quận Bình Thạnh, Thành phố Hồ Chí Minh','25',765),(26953,'21','Phường 21','Phường 21, Quận Bình Thạnh, Thành phố Hồ Chí Minh','21',765),(26941,'02','Phường 02','Phường 02, Quận Bình Thạnh, Thành phố Hồ Chí Minh','02',765),(26911,'27','Phường 27','Phường 27, Quận Bình Thạnh, Thành phố Hồ Chí Minh','27',765),(26944,'01','Phường 01','Phường 01, Quận Bình Thạnh, Thành phố Hồ Chí Minh','01',765),(26932,'06','Phường 06','Phường 06, Quận Bình Thạnh, Thành phố Hồ Chí Minh','06',765),(26935,'14','Phường 14','Phường 14, Quận Bình Thạnh, Thành phố Hồ Chí Minh','14',765),(26923,'05','Phường 05','Phường 05, Quận Bình Thạnh, Thành phố Hồ Chí Minh','05',765),(26956,'22','Phường 22','Phường 22, Quận Bình Thạnh, Thành phố Hồ Chí Minh','22',765),(27409,'04','Phường 04','Phường 04, Quận 8, Thành phố Hồ Chí Minh','04',776),(27403,'09','Phường 09','Phường 09, Quận 8, Thành phố Hồ Chí Minh','09',776),(27415,'12','Phường 12','Phường 12, Quận 8, Thành phố Hồ Chí Minh','12',776),(27412,'13','Phường 13','Phường 13, Quận 8, Thành phố Hồ Chí Minh','13',776),(27424,'06','Phường 06','Phường 06, Quận 8, Thành phố Hồ Chí Minh','06',776),(27418,'05','Phường 05','Phường 05, Quận 8, Thành phố Hồ Chí Minh','05',776),(27427,'15','Phường 15','Phường 15, Quận 8, Thành phố Hồ Chí Minh','15',776),(27406,'10','Phường 10','Phường 10, Quận 8, Thành phố Hồ Chí Minh','10',776),(27394,'01','Phường 01','Phường 01, Quận 8, Thành phố Hồ Chí Minh','01',776),(27388,'08','Phường 08','Phường 08, Quận 8, Thành phố Hồ Chí Minh','08',776),(27421,'14','Phường 14','Phường 14, Quận 8, Thành phố Hồ Chí Minh','14',776),(27400,'11','Phường 11','Phường 11, Quận 8, Thành phố Hồ Chí Minh','11',776),(27433,'07','Phường 07','Phường 07, Quận 8, Thành phố Hồ Chí Minh','07',776),(27397,'03','Phường 03','Phường 03, Quận 8, Thành phố Hồ Chí Minh','03',776),(27430,'16','Phường 16','Phường 16, Quận 8, Thành phố Hồ Chí Minh','16',776),(27391,'02','Phường 02','Phường 02, Quận 8, Thành phố Hồ Chí Minh','02',776),(27670,'Tam Thôn Hiệp','Xã Tam Thôn Hiệp','Xã Tam Thôn Hiệp, Huyện Cần Giờ, Thành phố Hồ Chí Minh','tam-thon-hiep',787),(27682,'Lý Nhơn','Xã Lý Nhơn','Xã Lý Nhơn, Huyện Cần Giờ, Thành phố Hồ Chí Minh','ly-nhon',787),(27664,'Cần Thạnh','Thị trấn Cần Thạnh','Thị trấn Cần Thạnh, Huyện Cần Giờ, Thành phố Hồ Chí Minh','can-thanh',787),(27673,'An Thới Đông','Xã An Thới Đông','Xã An Thới Đông, Huyện Cần Giờ, Thành phố Hồ Chí Minh','an-thoi-dong',787),(27667,'Bình Khánh','Xã Bình Khánh','Xã Bình Khánh, Huyện Cần Giờ, Thành phố Hồ Chí Minh','binh-khanh',787),(27679,'Long Hòa','Xã Long Hòa','Xã Long Hòa, Huyện Cần Giờ, Thành phố Hồ Chí Minh','long-hoa',787),(27676,'Thạnh An','Xã Thạnh An','Xã Thạnh An, Huyện Cần Giờ, Thành phố Hồ Chí Minh','thanh-an',787),(26974,'13','Phường 13','Phường 13, Quận Tân Bình, Thành phố Hồ Chí Minh','13',766),(27007,'15','Phường 15','Phường 15, Quận Tân Bình, Thành phố Hồ Chí Minh','15',766),(26986,'07','Phường 07','Phường 07, Quận Tân Bình, Thành phố Hồ Chí Minh','07',766),(26983,'11','Phường 11','Phường 11, Quận Tân Bình, Thành phố Hồ Chí Minh','11',766),(26995,'06','Phường 06','Phường 06, Quận Tân Bình, Thành phố Hồ Chí Minh','06',766),(26989,'05','Phường 05','Phường 05, Quận Tân Bình, Thành phố Hồ Chí Minh','05',766),(26965,'02','Phường 02','Phường 02, Quận Tân Bình, Thành phố Hồ Chí Minh','02',766),(26968,'04','Phường 04','Phường 04, Quận Tân Bình, Thành phố Hồ Chí Minh','04',766),(26998,'08','Phường 08','Phường 08, Quận Tân Bình, Thành phố Hồ Chí Minh','08',766),(26977,'01','Phường 01','Phường 01, Quận Tân Bình, Thành phố Hồ Chí Minh','01',766),(26992,'10','Phường 10','Phường 10, Quận Tân Bình, Thành phố Hồ Chí Minh','10',766),(26971,'12','Phường 12','Phường 12, Quận Tân Bình, Thành phố Hồ Chí Minh','12',766),(27004,'14','Phường 14','Phường 14, Quận Tân Bình, Thành phố Hồ Chí Minh','14',766),(27001,'09','Phường 09','Phường 09, Quận Tân Bình, Thành phố Hồ Chí Minh','09',766),(26980,'03','Phường 03','Phường 03, Quận Tân Bình, Thành phố Hồ Chí Minh','03',766),(27451,'Bình Trị Đông B','Phường Bình Trị Đông B','Phường Bình Trị Đông B, Quận Bình Tân, Thành phố Hồ Chí Minh','binh-tri-dong-b',777),(27460,'An Lạc','Phường  An Lạc','Phường  An Lạc, Quận Bình Tân, Thành phố Hồ Chí Minh','an-lac',777),(27454,'Tân Tạo','Phường Tân Tạo','Phường Tân Tạo, Quận Bình Tân, Thành phố Hồ Chí Minh','tan-tao',777),(27463,'An Lạc A','Phường An Lạc A','Phường An Lạc A, Quận Bình Tân, Thành phố Hồ Chí Minh','an-lac-a',777),(27442,'Bình Hưng Hoà B','Phường Bình Hưng Hoà B','Phường Bình Hưng Hoà B, Quận Bình Tân, Thành phố Hồ Chí Minh','binh-hung-hoa-b',777),(27436,'Bình Hưng Hòa','Phường Bình Hưng Hòa','Phường Bình Hưng Hòa, Quận Bình Tân, Thành phố Hồ Chí Minh','binh-hung-hoa',777),(27448,'Bình Trị Đông A','Phường Bình Trị Đông A','Phường Bình Trị Đông A, Quận Bình Tân, Thành phố Hồ Chí Minh','binh-tri-dong-a',777),(27445,'Bình Trị Đông','Phường Bình Trị Đông','Phường Bình Trị Đông, Quận Bình Tân, Thành phố Hồ Chí Minh','binh-tri-dong',777),(27457,'Tân Tạo A','Phường Tân Tạo A','Phường Tân Tạo A, Quận Bình Tân, Thành phố Hồ Chí Minh','tan-tao-a',777),(27439,'Bình Hưng Hoà A','Phường Bình Hưng Hoà A','Phường Bình Hưng Hoà A, Quận Bình Tân, Thành phố Hồ Chí Minh','binh-hung-hoa-a',777),(27010,'Tân Sơn Nhì','Phường Tân Sơn Nhì','Phường Tân Sơn Nhì, Quận Tân Phú, Thành phố Hồ Chí Minh','tan-son-nhi',767),(27022,'Tân Thành','Phường Tân Thành','Phường Tân Thành, Quận Tân Phú, Thành phố Hồ Chí Minh','tan-thanh',767),(27031,'Phú Trung','Phường Phú Trung','Phường Phú Trung, Quận Tân Phú, Thành phố Hồ Chí Minh','phu-trung',767),(27025,'Phú Thọ Hòa','Phường Phú Thọ Hòa','Phường Phú Thọ Hòa, Quận Tân Phú, Thành phố Hồ Chí Minh','phu-tho-hoa',767),(27037,'Hiệp Tân','Phường Hiệp Tân','Phường Hiệp Tân, Quận Tân Phú, Thành phố Hồ Chí Minh','hiep-tan',767),(27034,'Hòa Thạnh','Phường Hòa Thạnh','Phường Hòa Thạnh, Quận Tân Phú, Thành phố Hồ Chí Minh','hoa-thanh',767),(27013,'Tây Thạnh','Phường Tây Thạnh','Phường Tây Thạnh, Quận Tân Phú, Thành phố Hồ Chí Minh','tay-thanh',767),(27019,'Tân Quý','Phường Tân Quý','Phường Tân Quý, Quận Tân Phú, Thành phố Hồ Chí Minh','tan-quy',767),(27016,'Sơn Kỳ','Phường Sơn Kỳ','Phường Sơn Kỳ, Quận Tân Phú, Thành phố Hồ Chí Minh','son-ky',767),(27028,'Phú Thạnh','Phường Phú Thạnh','Phường Phú Thạnh, Quận Tân Phú, Thành phố Hồ Chí Minh','phu-thanh',767),(27040,'Tân Thới Hòa','Phường Tân Thới Hòa','Phường Tân Thới Hòa, Quận Tân Phú, Thành phố Hồ Chí Minh','tan-thoi-hoa',767),(27472,'Tân Kiểng','Phường Tân Kiểng','Phường Tân Kiểng, Quận 7, Thành phố Hồ Chí Minh','tan-kieng',778),(27484,'Phú Thuận','Phường Phú Thuận','Phường Phú Thuận, Quận 7, Thành phố Hồ Chí Minh','phu-thuan',778),(27481,'Tân Quy','Phường Tân Quy','Phường Tân Quy, Quận 7, Thành phố Hồ Chí Minh','tan-quy',778),(27493,'Phú Mỹ','Phường Phú Mỹ','Phường Phú Mỹ, Quận 7, Thành phố Hồ Chí Minh','phu-my',778),(27487,'Tân Phú','Phường Tân Phú','Phường Tân Phú, Quận 7, Thành phố Hồ Chí Minh','tan-phu',778),(27466,'Tân Thuận Đông','Phường Tân Thuận Đông','Phường Tân Thuận Đông, Quận 7, Thành phố Hồ Chí Minh','tan-thuan-dong',778),(27475,'Tân Hưng','Phường Tân Hưng','Phường Tân Hưng, Quận 7, Thành phố Hồ Chí Minh','tan-hung',778),(27469,'Tân Thuận Tây','Phường Tân Thuận Tây','Phường Tân Thuận Tây, Quận 7, Thành phố Hồ Chí Minh','tan-thuan-tay',778),(27478,'Bình Thuận','Phường Bình Thuận','Phường Bình Thuận, Quận 7, Thành phố Hồ Chí Minh','binh-thuan',778),(27490,'Tân Phong','Phường Tân Phong','Phường Tân Phong, Quận 7, Thành phố Hồ Chí Minh','tan-phong',778),(27049,'09','Phường 09','Phường 09, Quận Phú Nhuận, Thành phố Hồ Chí Minh','09',768),(27043,'04','Phường 04','Phường 04, Quận Phú Nhuận, Thành phố Hồ Chí Minh','04',768),(27076,'17','Phường 17','Phường 17, Quận Phú Nhuận, Thành phố Hồ Chí Minh','17',768),(27055,'03','Phường 03','Phường 03, Quận Phú Nhuận, Thành phố Hồ Chí Minh','03',768),(27052,'07','Phường 07','Phường 07, Quận Phú Nhuận, Thành phố Hồ Chí Minh','07',768),(27085,'13','Phường 13','Phường 13, Quận Phú Nhuận, Thành phố Hồ Chí Minh','13',768),(27064,'08','Phường 08','Phường 08, Quận Phú Nhuận, Thành phố Hồ Chí Minh','08',768),(27058,'01','Phường 01','Phường 01, Quận Phú Nhuận, Thành phố Hồ Chí Minh','01',768),(27067,'15','Phường 15','Phường 15, Quận Phú Nhuận, Thành phố Hồ Chí Minh','15',768),(27046,'05','Phường 05','Phường 05, Quận Phú Nhuận, Thành phố Hồ Chí Minh','05',768),(27079,'14','Phường 14','Phường 14, Quận Phú Nhuận, Thành phố Hồ Chí Minh','14',768),(27061,'02','Phường 02','Phường 02, Quận Phú Nhuận, Thành phố Hồ Chí Minh','02',768),(27073,'11','Phường 11','Phường 11, Quận Phú Nhuận, Thành phố Hồ Chí Minh','11',768),(27070,'10','Phường 10','Phường 10, Quận Phú Nhuận, Thành phố Hồ Chí Minh','10',768),(27082,'12','Phường 12','Phường 12, Quận Phú Nhuận, Thành phố Hồ Chí Minh','12',768),(27088,'Thảo Điền','Phường Thảo Điền','Phường Thảo Điền, Quận 2, Thành phố Hồ Chí Minh','thao-dien',769),(27097,'Bình Trưng Đông','Phường Bình Trưng Đông','Phường Bình Trưng Đông, Quận 2, Thành phố Hồ Chí Minh','binh-trung-dong',769),(27103,'Bình Khánh','Phường Bình Khánh','Phường Bình Khánh, Quận 2, Thành phố Hồ Chí Minh','binh-khanh',769),(27100,'Bình Trưng Tây','Phường Bình Trưng Tây','Phường Bình Trưng Tây, Quận 2, Thành phố Hồ Chí Minh','binh-trung-tay',769),(27112,'Thạnh Mỹ Lợi','Phường Thạnh Mỹ Lợi','Phường Thạnh Mỹ Lợi, Quận 2, Thành phố Hồ Chí Minh','thanh-my-loi',769),(27106,'An Khánh','Phường An Khánh','Phường An Khánh, Quận 2, Thành phố Hồ Chí Minh','an-khanh',769),(27091,'An Phú','Phường An Phú','Phường An Phú, Quận 2, Thành phố Hồ Chí Minh','an-phu',769),(27118,'Thủ Thiêm','Phường Thủ Thiêm','Phường Thủ Thiêm, Quận 2, Thành phố Hồ Chí Minh','thu-thiem',769),(27115,'An Lợi Đông','Phường An Lợi Đông','Phường An Lợi Đông, Quận 2, Thành phố Hồ Chí Minh','an-loi-dong',769),(27094,'Bình An','Phường Bình An','Phường Bình An, Quận 2, Thành phố Hồ Chí Minh','binh-an',769),(27109,'Cát Lái','Phường Cát Lái','Phường Cát Lái, Quận 2, Thành phố Hồ Chí Minh','cat-lai',769);
/*!40000 ALTER TABLE `ward` ENABLE KEYS */;
UNLOCK TABLES;
/*!40103 SET TIME_ZONE=@OLD_TIME_ZONE */;

/*!40101 SET SQL_MODE=@OLD_SQL_MODE */;
/*!40014 SET FOREIGN_KEY_CHECKS=@OLD_FOREIGN_KEY_CHECKS */;
/*!40014 SET UNIQUE_CHECKS=@OLD_UNIQUE_CHECKS */;
/*!40101 SET CHARACTER_SET_CLIENT=@OLD_CHARACTER_SET_CLIENT */;
/*!40101 SET CHARACTER_SET_RESULTS=@OLD_CHARACTER_SET_RESULTS */;
/*!40101 SET COLLATION_CONNECTION=@OLD_COLLATION_CONNECTION */;
/*!40111 SET SQL_NOTES=@OLD_SQL_NOTES */;

-- Dump completed on 2020-01-14 10:06:52
